4,5,30,33,41,52,0,17,2016
9,37,39,41,43,49,1,65,4488
10,11,29,30,36,47,2,62,4261
1,5,6,27,42,59,0,39,3311
1,2,6,16,19,46,0,98,5399
7,13,19,22,40,47,0,109,7147
3,5,20,21,38,56,0,100,5736
4,17,37,38,47,53,0,60,5262
8,43,54,55,56,60,0,17,2175
4,18,21,25,38,57,0,251,12590
15,25,37,38,58,59,1,148,9442
4,16,19,20,27,43,0,108,6454
18,32,47,50,54,56,0,43,2934
2,16,23,27,47,53,0,85,5323
12,33,35,51,52,60,0,57,3931
20,32,34,49,58,60,0,31,3250
6,10,13,19,20,51,1,144,9376
23,27,36,37,42,56,0,52,4484
5,10,12,24,25,60,0,159,9250
11,25,28,30,33,51,0,72,5728
6,33,36,46,49,53,0,63,5030
1,9,31,38,46,56,0,47,4865
17,37,39,51,52,59,0,74,4897
1,8,14,28,33,43,1,227,13486
24,43,50,54,55,56,0,28,2741
10,22,50,53,57,58,0,16,1823
13,17,20,33,44,51,0,99,6466
3,6,22,24,54,60,0,50,4895
3,8,14,43,56,58,1,44,5248
7,14,15,29,38,50,0,80,5885
17,19,28,45,48,56,0,103,5680
5,14,33,36,43,44,0,96,6876
5,17,33,39,42,49,1,128,8722
13,15,17,40,53,57,0,51,2627
4,16,21,23,54,57,0,39,3576
3,13,17,25,29,51,0,143,8548
6,7,22,38,52,60,0,47,3695
10,42,43,45,54,55,0,24,1999
12,16,37,45,52,56,0,73,4444
3,5,8,12,46,47,0,189,12117
12,26,35,38,39,47,1,148,10182
7,11,19,24,33,36,0,201,9580
2,6,17,25,26,58,0,75,5070
14,18,29,38,44,47,0,103,7742
7,30,37,44,53,55,0,33,3004
1,23,24,32,46,60,0,91,6263
3,17,25,35,48,56,0,210,10873
2,5,28,34,47,50,0,132,7454
7,13,33,35,43,55,1,155,9830
6,16,21,44,57,58,0,31,2800
17,23,24,25,42,47,0,143,9361
15,30,38,46,58,59,0,77,6442
3,13,16,38,42,46,0,210,10941
5,9,18,21,36,56,2,207,13067
2,14,23,29,38,52,0,66,3840
2,7,20,35,51,59,0,48,2599
7,16,17,27,34,59,0,79,6173
12,27,30,37,44,49,1,65,5040
2,8,13,28,34,54,0,90,5351
3,14,15,20,21,38,0,129,7914
8,18,29,42,44,59,0,52,3866
6,8,13,24,31,52,0,119,8613
9,25,26,40,41,49,1,82,6359
8,12,23,50,54,60,0,29,2441
1,5,20,25,32,34,0,61,4932
12,13,15,26,33,48,0,102,7686
12,14,17,27,47,52,0,83,5479
1,3,12,13,53,59,0,49,4758
25,34,45,53,56,58,0,55,3661
17,23,27,40,43,58,0,95,6071
16,27,33,43,45,53,0,115,7430
1,19,34,43,44,48,0,85,7982
25,26,28,45,51,57,1,95,8222
2,24,34,37,38,50,0,40,3321
21,24,35,36,37,49,0,70,5032
8,17,18,23,33,53,0,92,6399
21,29,40,49,54,57,0,20,2635
12,22,25,31,32,46,0,103,5984
2,13,17,25,31,43,1,247,13375
23,28,37,40,48,51,0,43,4284
10,23,41,47,54,60,0,62,4870
15,18,29,36,51,53,1,77,5889
4,15,16,24,42,57,0,76,4756
4,6,10,25,34,40,0,102,5546
6,15,30,37,45,47,0,45,4312
6,21,22,34,36,54,0,48,3752
4,5,11,28,32,40,0,64,5195
4,18,29,37,43,45,0,110,6805
13,34,42,44,55,59,0,36,3847
9,21,26,40,52,54,1,74,4763
2,4,10,35,39,60,0,68,3878
1,3,5,23,24,51,0,75,5530
2,22,28,31,36,53,0,61,3795
8,18,28,51,52,55,0,25,2086
6,40,45,46,50,60,0,22,2185
4,7,26,40,42,58,1,62,3984
5,11,14,35,53,56,1,56,3441
13,14,31,33,35,43,0,89,4972
11,24,30,33,46,60,0,46,3015
14,29,30,46,48,51,0,56,3600
1,18,29,31,37,39,0,52,4653
19,20,37,42,44,56,1,73,6197
1,7,9,49,54,57,1,28,2632
1,4,13,21,38,52,0,37,2588
3,13,31,43,46,49,0,55,4875
5,16,24,35,38,39,0,94,5390
2,4,16,24,51,52,0,35,3554
21,24,29,34,59,60,0,35,2453
1,13,44,48,49,54,0,39,3881
18,31,43,52,57,58,0,35,3212
4,22,25,32,33,52,0,68,6109
12,20,34,37,42,43,1,137,8340
7,26,28,34,54,55,0,38,2572
6,12,18,37,47,54,0,71,4908
4,6,14,20,24,38,0,78,5091
5,13,32,36,42,51,0,64,5270
20,25,27,33,42,53,0,36,3822
9,22,25,37,56,57,0,53,4342
1,21,36,38,47,50,0,21,2691
3,16,27,40,45,46,0,92,7073
2,29,41,44,53,55,0,45,4554
11,17,20,39,43,53,0,83,7203
13,14,16,26,32,42,0,176,13159
5,15,34,41,52,57,1,188,14019
25,41,47,53,56,59,0,46,2784
6,10,11,28,32,40,0,83,5510
21,29,50,51,54,59,0,40,2613
3,9,18,21,23,43,0,973,11715
1,9,10,32,46,54,0,67,5320
13,29,38,42,49,53,0,155,11403
4,9,17,27,30,44,0,361,21683
7,9,35,41,44,50,0,143,12179
5,6,19,34,39,57,1,431,29264
4,25,32,36,52,60,0,82,4575
21,22,35,40,53,59,0,40,3604
1,17,25,38,45,59,0,126,7403
15,16,19,22,26,49,0,88,6701
5,14,27,37,40,41,0,86,6953
3,13,26,27,41,42,2,179,9401
7,31,41,44,46,55,0,45,4945
10,13,22,41,42,58,0,119,10533
8,15,19,20,54,59,0,162,13991
6,18,20,40,50,53,0,144,10994
8,32,36,44,45,55,1,257,23952
15,16,31,41,43,51,0,71,3389
25,32,34,42,51,60,0,51,4079
6,16,23,24,28,38,1,75,5418
32,35,41,55,58,59,0,15,2322
7,11,20,28,45,48,0,106,6290
12,44,50,52,54,55,0,56,5540
3,16,20,43,52,56,1,152,9869
5,12,15,29,51,58,0,75,5041
2,30,31,42,45,47,0,47,4218
8,10,24,33,45,48,0,144,9252
12,30,32,35,43,44,1,67,4974
17,23,42,49,52,55,0,74,4455
4,13,17,21,41,44,1,134,8894
4,14,17,43,51,58,0,31,3630
9,11,16,35,50,58,1,57,4124
2,13,42,52,54,58,0,74,6132
6,25,30,37,39,41,0,95,6865
21,23,33,38,48,51,0,92,7244
8,27,36,41,53,56,2,146,10793
4,10,14,19,28,44,0,111,8386
10,19,23,35,39,56,2,75,5378
12,13,22,57,59,60,0,47,3371
1,11,28,33,38,48,1,82,4997
2,9,31,35,45,50,0,48,3528
1,13,21,37,51,52,0,65,4489
7,41,46,51,55,58,0,50,6257
4,27,40,43,46,54,1,134,10378
10,14,26,35,36,49,0,64,4592
17,28,29,42,49,50,1,40,3610
11,22,23,36,52,59,0,44,3217
1,10,13,20,42,50,0,114,7058
1,3,4,28,45,53,0,62,5405
22,35,38,39,41,59,0,52,4408
5,15,19,26,27,33,1,198,13086
5,6,23,26,27,53,0,78,5646
6,23,29,39,51,60,0,111,6978
1,27,33,35,51,55,0,182,11797
3,5,10,28,46,60,0,239,17413
2,7,11,16,40,44,0,306,20677
9,16,21,34,41,60,0,217,15462
17,22,43,46,55,59,0,366,24849
14,23,24,25,26,51,0,352,31164
6,36,41,44,48,58,0,397,39365
17,27,34,42,43,46,1,1200,90235
4,15,31,38,41,53,0,61,5485
5,10,21,32,40,42,0,304,21481
1,3,5,23,41,58,1,383,30477
1,26,28,41,54,60,0,53,4403
4,11,12,19,43,49,0,190,11415
25,28,32,33,42,43,0,106,7456
3,9,17,32,37,44,1,339,13819
7,9,14,17,24,32,0,182,10493
5,12,15,19,29,52,0,128,8720
1,8,18,23,35,40,0,125,7134
10,16,37,50,52,57,1,34,3143
12,15,19,34,44,51,2,186,13027
5,20,22,30,35,55,1,77,4502
12,24,44,45,49,53,0,65,4279
11,19,29,44,47,55,0,63,5417
29,31,39,41,51,58,0,32,2400
26,32,40,43,46,54,1,71,6014
18,20,26,34,51,56,0,43,3478
3,7,19,24,53,55,0,90,6510
15,23,24,25,47,57,0,72,5232
13,21,26,32,41,52,0,81,5496
20,32,37,38,48,58,0,29,3921
10,20,33,40,45,50,0,164,16680
6,15,29,45,57,59,0,147,9880
3,9,23,30,32,35,3,312,18348
6,12,30,31,35,50,0,54,3769
7,28,37,46,53,58,0,78,4942
14,18,30,35,42,59,4,91,5049
3,27,32,45,49,51,0,159,5820
12,17,40,42,47,54,1,95,4679
23,26,28,36,42,49,0,80,5139
13,14,36,53,55,60,1,125,8067
13,27,43,50,54,58,0,49,3793
5,19,30,48,52,55,0,55,4462
2,6,22,24,28,58,0,163,7780
7,16,18,20,21,44,0,119,7185
2,4,16,21,37,58,0,83,5517
1,2,38,49,50,59,1,78,4123
11,26,27,37,42,48,0,51,3648
13,16,40,43,45,59,0,64,4497
11,13,21,33,39,45,1,121,7685
8,40,41,44,53,56,0,94,5820
16,27,36,42,44,59,0,125,9458
19,22,29,37,41,59,0,124,8807
3,7,24,32,36,45,5,512,21452
15,25,41,42,45,54,0,39,3505
2,22,29,31,41,55,0,52,3086
10,25,50,52,57,60,0,76,4703
7,31,36,45,56,57,0,54,4145
9,13,15,37,41,42,4,188,10483
6,21,33,44,46,47,1,30,3826
25,28,38,41,57,59,0,103,6244
11,31,35,40,56,57,0,74,5485
4,7,21,22,28,56,0,203,13497
11,16,20,23,32,47,0,180,13705
19,24,33,47,50,60,0,204,14735
8,27,44,51,53,60,3,283,21593
2,16,32,37,43,57,0,93,5429
3,10,23,30,34,46,0,80,6425
16,32,34,35,41,56,0,50,4862
21,36,40,49,54,55,0,60,4247
7,25,41,42,43,55,0,203,15545
15,23,30,34,49,55,0,180,12813
4,17,26,32,51,54,2,354,22122
11,12,24,37,44,56,0,126,7260
1,4,21,22,30,56,0,66,6381
16,19,20,32,44,55,0,80,6812
2,21,26,32,34,52,0,91,6319
1,4,5,19,28,34,1,175,11706
7,12,50,54,55,60,0,53,3615
13,15,20,33,43,58,0,65,5581
4,6,33,43,59,60,0,120,8956
5,16,20,30,54,56,0,91,7281
11,20,48,53,58,60,0,108,8838
8,9,26,43,50,53,0,136,12752
1,5,13,25,31,33,2,979,50364
7,16,34,41,50,53,0,64,3855
2,23,38,46,48,54,0,89,6687
1,8,45,46,55,58,0,46,4076
5,6,10,21,33,47,0,111,10133
17,18,19,25,49,52,0,110,8717
5,9,27,35,40,45,1,228,16867
14,24,26,29,31,54,0,43,4385
9,10,24,36,56,58,0,70,5491
10,17,23,27,47,52,1,92,7241
11,13,18,26,39,47,0,142,7420
16,19,30,37,38,48,0,41,3737
22,39,45,53,57,59,0,79,5172
4,26,38,40,52,56,0,95,5404
10,15,18,22,31,55,0,99,6996
4,23,31,47,58,59,0,58,6137
5,16,20,25,30,58,0,192,14673
5,11,31,38,47,53,1,188,12864
9,14,23,24,33,36,1,76,6064
25,28,34,42,48,54,1,36,2126
7,8,14,30,32,36,1,75,5358
12,32,37,41,50,56,0,17,1173
29,35,37,44,47,56,0,59,3739
3,13,25,33,47,60,1,110,5633
6,9,11,17,18,50,0,82,4763
6,7,20,25,30,36,0,29,2197
7,25,26,30,40,57,0,56,4869
5,16,17,18,22,41,0,71,4870
13,23,24,34,45,53,0,116,8670
5,6,7,12,28,35,0,167,10185
22,25,28,41,45,57,2,130,7434
7,12,24,31,44,50,0,36,2055
3,20,42,46,51,52,0,29,2348
1,20,28,33,36,41,0,25,1920
5,22,23,24,34,60,1,50,4372
2,5,7,33,49,53,0,33,2049
24,27,28,38,41,57,0,48,4820
9,26,48,49,57,58,0,28,2892
12,25,30,40,41,60,0,101,6361
7,13,17,30,37,47,1,215,12861
7,11,34,41,42,59,0,58,3274
5,11,27,38,53,60,0,47,3770
19,30,41,47,56,57,0,28,2294
13,16,17,26,41,44,0,44,3962
4,11,25,29,39,55,1,62,5173
4,11,25,39,50,55,1,3001,2997
2,14,28,29,31,32,0,81,5093
22,24,30,32,38,41,0,31,2871
14,23,30,41,47,50,0,76,4985
14,16,24,37,38,53,0,61,5547
5,32,34,37,40,58,0,93,5542
12,21,22,28,43,50,1,43,4598
6,24,28,43,51,56,0,104,4093
16,20,27,30,35,48,0,23,2088
3,19,20,31,40,53,1,46,3071
12,16,17,19,23,48,0,52,3342
20,22,27,47,50,53,0,77,4916
4,11,31,32,48,49,0,55,3729
11,18,29,44,47,56,0,87,7835
26,31,33,40,49,54,0,56,4244
8,15,22,25,30,47,0,211,12192
1,3,4,21,23,53,2,256,15646
21,23,40,44,51,52,0,27,2674
29,32,33,38,46,48,0,16,2112
5,7,14,21,23,51,1,100,7121
10,11,12,24,35,40,0,40,2904
2,4,14,23,37,51,0,120,7914
1,13,20,27,35,37,0,70,6408
23,28,29,34,42,44,0,83,6713
4,27,35,44,52,53,0,93,6221
14,23,24,26,41,51,2,1200,8839
7,23,33,43,57,59,0,24,2134
2,18,22,26,30,54,0,68,4141
4,14,16,31,52,54,0,34,3454
1,4,9,36,46,48,0,43,3245
5,12,13,16,27,50,0,76,6908
9,10,12,33,42,60,0,121,6970
5,16,22,23,43,56,0,166,11103
16,29,34,49,51,54,0,93,5578
4,6,7,12,24,41,2,246,17023
10,12,14,33,35,36,0,46,3487
11,22,46,51,56,58,1,27,2170
7,12,41,46,56,60,0,20,1589
1,10,12,26,48,52,0,72,4730
19,30,33,39,40,52,0,19,1547
8,9,28,32,38,54,0,46,3264
10,15,23,30,43,57,0,80,5012
15,16,24,41,59,60,0,98,5832
7,20,25,44,47,49,0,161,8080
19,23,30,46,55,60,0,89,6862
7,16,38,40,41,52,1,93,6184
2,14,22,23,37,60,0,50,4711
5,19,21,54,56,58,0,32,2415
2,30,32,35,45,53,0,34,3265
12,17,21,32,40,42,0,84,5798
13,19,20,29,31,54,0,56,3953
23,24,29,47,53,55,0,133,8382
16,28,31,41,45,59,0,98,5236
7,20,33,37,46,56,1,110,8313
19,29,39,47,49,54,0,27,2225
5,29,44,51,57,59,1,76,3315
19,23,34,37,52,58,1,45,2433
4,6,7,15,21,51,0,41,3489
10,12,27,33,49,52,1,71,3040
13,29,32,38,44,50,0,53,3220
1,14,21,35,42,60,1,46,4167
1,4,40,42,51,54,0,40,3230
4,18,23,33,39,60,0,47,3979
16,17,24,39,46,57,2,85,6743
1,5,10,24,31,33,0,52,3292
2,5,16,26,44,54,0,80,3326
1,5,9,42,51,58,0,33,2359
10,13,25,35,43,48,0,110,6956
3,12,19,27,45,46,0,87,5468
5,38,41,45,48,55,0,36,3115
24,33,40,41,55,59,0,32,2830
13,22,30,31,47,57,0,206,7186
9,10,28,46,55,56,0,85,7295
31,34,37,38,53,54,0,68,6291
14,22,48,50,53,56,0,73,6573
24,28,40,47,50,52,0,151,10644
5,12,16,18,22,24,2,759,37449
17,35,36,39,43,54,0,70,5236
22,28,29,43,47,48,0,40,2998
23,36,48,52,53,58,0,46,4293
5,14,18,43,46,54,0,63,4169
7,12,22,34,38,53,1,171,10722
4,7,15,16,35,40,0,44,2740
15,23,31,39,47,49,1,68,3591
6,12,35,36,40,50,0,31,1949
5,15,35,42,45,49,0,47,4815
10,11,14,20,31,58,1,27,2328
6,18,34,42,45,47,0,63,4201
1,2,5,24,32,46,0,61,4026
7,16,22,28,36,37,1,63,5106
11,16,27,47,55,59,0,20,1730
10,13,28,29,54,59,0,75,4875
11,18,43,44,50,53,0,33,2853
5,16,27,43,56,58,0,146,7787
7,16,27,31,46,60,0,48,4099
1,24,28,38,40,58,0,66,4364
24,29,34,47,57,60,0,67,4579
2,12,32,38,47,48,0,78,6557
2,18,22,49,51,57,0,90,6383
14,28,33,44,49,56,1,269,13970
18,25,26,31,34,49,0,23,1958
8,24,31,36,38,55,0,101,5799
10,12,31,38,45,56,0,91,5115
5,12,14,21,45,59,0,89,8542
2,4,29,33,35,53,0,102,7746
16,26,35,45,52,58,1,51,5527
1,4,27,38,42,44,0,40,2415
1,13,23,33,54,56,0,44,4032
7,12,21,25,34,42,0,78,5218
8,15,32,45,49,52,2,82,5133
9,16,41,42,52,53,0,30,1594
12,29,30,43,57,59,0,83,5614
5,35,37,38,45,51,0,47,4716
12,37,43,55,56,60,0,80,6516
8,22,32,33,40,53,0,66,4178
18,27,29,36,46,59,0,91,7389
6,10,16,34,42,47,1,279,17411
7,30,32,37,50,54,0,58,3139
3,13,14,24,43,51,0,48,3563
8,28,30,32,46,60,0,48,3734
17,26,32,36,43,55,0,44,3300
8,10,21,25,38,50,1,85,6944
26,37,40,47,52,58,0,20,1184
4,13,17,27,39,50,0,54,4278
16,17,28,30,36,54,0,31,2332
4,10,17,24,30,54,0,84,4870
10,11,17,31,37,43,0,55,3243
1,6,7,29,48,57,0,47,4696
7,10,30,44,54,59,0,33,2829
3,5,11,14,38,48,0,65,6276
13,20,29,42,43,57,0,65,4407
3,5,23,30,46,47,0,139,10120
2,10,15,21,58,59,0,121,6941
6,15,23,31,37,59,1,135,9944
11,17,26,36,48,52,0,47,3738
3,24,33,48,52,57,0,43,3332
7,20,31,32,50,53,0,31,3101
8,11,12,17,20,47,2,65,5039
15,24,25,33,42,55,0,55,5613
3,5,9,45,51,52,0,40,2999
1,8,24,34,49,56,0,55,3656
1,9,13,50,51,59,0,108,6194
17,18,23,28,31,53,0,87,7368
11,16,30,36,51,54,0,76,6317
8,20,23,34,52,58,0,120,7882
4,17,24,42,46,56,0,275,16564
2,14,15,17,50,59,0,86,7989
3,17,22,27,33,40,0,221,16964
15,17,24,27,32,48,3,480,31340
13,24,32,34,43,53,0,82,3921
8,15,17,39,43,49,0,62,4197
19,23,30,37,49,55,0,155,9464
15,17,20,29,30,60,0,189,8312
17,19,22,26,27,48,0,212,14463
2,3,7,18,45,53,0,166,15269
6,24,33,38,45,50,1,241,15457
1,22,31,46,51,57,0,19,2175
11,16,28,29,30,45,0,64,3582
8,18,21,22,38,60,0,45,3907
5,6,23,25,39,51,0,58,4701
13,21,26,29,42,47,2,187,8798
8,11,23,37,51,58,0,86,6094
5,31,32,36,51,59,0,76,5490
3,4,12,29,38,51,0,82,6518
7,23,41,49,51,58,0,65,6524
3,12,32,34,40,50,0,56,6910
6,8,19,22,43,52,0,156,13235
17,20,38,43,55,58,0,163,11465
6,8,18,34,38,47,3,279,21958
3,8,21,25,30,31,0,92,4876
20,26,41,46,54,58,0,32,2834
14,33,36,38,41,49,0,112,8589
6,13,22,24,42,44,3,359,19465
12,13,33,53,54,56,0,41,2929
16,18,23,35,44,59,0,90,6279
17,18,19,38,49,53,0,55,4015
19,28,30,38,52,57,0,30,3203
8,14,19,30,42,50,1,55,4325
8,22,25,48,52,54,2,104,5329
15,30,35,39,43,57,0,46,2699
17,28,33,36,53,59,0,67,5107
5,11,23,29,54,58,1,148,8438
1,9,15,22,43,55,1,81,4221
2,6,15,18,56,57,0,26,2629
3,18,20,24,42,54,0,79,5294
18,20,28,32,49,53,0,32,2766
8,15,29,36,49,60,0,48,5313
10,19,20,29,41,59,0,31,3495
9,13,20,32,41,58,0,72,5439
2,6,28,49,50,57,0,58,4592
1,4,5,11,44,59,1,126,8903
21,29,35,36,38,54,1,73,6818
16,27,28,34,39,56,0,43,3037
7,13,21,24,33,50,2,268,9549
7,10,21,27,48,49,0,40,2934
8,11,19,30,39,50,0,54,4006
3,20,28,46,47,52,0,30,2559
4,15,31,34,37,38,0,65,4735
3,5,27,33,44,58,2,212,6604
5,10,15,45,46,56,0,33,3025
28,32,33,34,35,55,0,39,2852
1,4,30,41,45,58,2,70,4392
3,4,8,34,36,37,0,50,3155
4,8,31,40,53,58,3,41,2277
10,19,27,33,39,46,0,46,2427
15,36,40,42,51,52,0,20,1209
15,16,39,45,48,57,0,33,2636
5,13,24,33,34,35,0,164,7718
7,8,28,32,38,51,0,36,3262
5,8,10,15,18,44,0,182,8653
9,15,19,22,36,42,0,111,7018
9,12,17,32,34,35,0,166,10884
15,25,28,32,38,45,0,166,10610
6,14,15,25,49,52,0,118,8280
28,39,40,44,45,58,0,123,9692
19,29,34,41,47,48,1,180,17156
8,10,24,26,32,49,2,153,9640
3,21,31,36,55,59,0,34,2444
6,14,17,26,50,52,0,23,2091
8,12,28,31,34,37,0,67,4827
1,13,33,38,45,56,15,87,4758
1,6,21,25,32,49,0,49,3771
1,3,7,18,35,50,0,96,5188
4,9,12,13,52,53,0,69,5314
13,18,21,27,53,59,0,82,5129
3,8,23,31,48,57,1,107,6559
6,14,28,47,49,56,1,59,4136
14,15,22,23,25,37,0,49,3217
3,7,19,34,37,39,1,128,5345
3,25,43,45,52,56,0,36,2657
6,16,19,47,50,55,0,21,1908
4,22,28,30,44,49,0,84,4535
13,27,49,52,57,58,1,54,4879
4,6,19,28,35,49,0,42,2800
35,37,42,46,49,54,1,78,2557
11,17,33,34,47,56,0,39,2415
17,29,35,40,43,57,1,102,4315
4,5,13,17,46,54,0,32,3003
4,13,28,30,53,59,1,42,2599
14,47,49,51,58,59,0,9,965
8,13,22,46,51,58,0,34,2772
16,17,38,39,45,56,0,39,2948
12,21,46,48,56,57,0,35,3027
9,22,47,49,52,54,0,69,4299
4,43,46,53,54,58,0,42,3308
15,29,31,42,47,60,0,64,4812
5,23,31,33,45,49,1,152,10733
8,10,17,30,33,45,0,20,1699
8,12,18,23,38,49,0,59,3777
7,14,31,57,58,59,0,21,2000
6,13,17,25,36,53,1,75,4460
2,11,18,30,32,58,0,44,2585
1,20,36,39,49,55,0,32,2743
16,23,35,37,55,57,0,117,5150
5,8,23,34,44,51,0,90,6007
10,13,20,32,38,49,0,46,4446
7,31,34,35,37,45,0,57,6804
6,13,17,18,20,37,0,176,13032
11,31,38,41,57,58,0,69,5787
13,17,22,25,29,41,0,457,24931
3,9,14,15,32,57,1,434,29922
15,32,33,35,36,51,0,84,7539
12,13,14,31,50,51,0,69,5572
3,9,16,20,33,60,0,162,9940
6,17,22,29,40,59,0,82,8272
2,10,17,23,32,44,0,162,12691
5,18,21,29,35,48,2,470,21660
7,8,18,39,43,52,0,27,1978
8,23,24,28,31,47,0,57,4579
3,18,23,48,56,58,1,62,3639
4,9,15,17,34,39,1,90,5172
15,16,18,28,38,47,0,56,4097
14,17,25,30,39,52,1,56,4429
13,29,40,45,51,59,0,29,1943
6,7,20,41,43,55,0,36,2157
7,8,23,30,32,53,0,49,3278
12,24,33,36,39,57,1,124,7122
11,13,38,39,45,54,0,30,2162
2,18,29,30,36,60,0,36,2436
11,13,45,46,53,55,0,22,2088
6,7,8,13,33,59,0,152,9005
4,5,18,25,28,51,0,70,5155
1,3,18,34,50,58,0,64,4448
13,14,42,47,55,59,0,60,5062
1,25,27,29,49,59,0,68,5291
10,13,29,47,53,55,0,121,6444
1,2,25,43,50,54,0,89,7230
11,14,28,43,54,60,0,116,6578
22,27,29,40,42,56,0,140,10021
5,16,34,38,50,53,2,234,19229
4,6,9,23,45,51,0,65,4755
16,18,31,34,39,54,0,73,4640
10,19,22,29,30,37,0,75,6002
7,13,38,46,55,60,0,95,6773
4,8,11,12,29,44,1,233,12565
15,25,41,46,49,51,0,15,1422
4,24,44,49,52,53,0,45,3980
6,23,32,35,41,55,1,43,3770
6,11,19,27,41,59,0,48,3059
6,13,19,24,30,37,0,101,5181
2,6,15,58,59,60,0,60,3994
25,30,43,45,47,49,0,62,4044
16,21,22,33,48,49,0,69,4531
15,18,33,50,53,55,0,41,3389
6,13,19,44,54,55,0,108,7101
12,16,31,48,57,60,0,53,4127
5,8,10,27,31,51,0,157,9780
2,12,16,24,26,54,0,90,9236
3,5,25,33,36,49,2,289,17341
3,8,10,13,24,60,0,86,4992
8,12,14,16,19,46,0,101,5924
1,3,13,22,29,32,0,87,5886
26,29,31,49,50,57,0,40,3837
19,27,29,38,50,59,0,49,3560
9,23,30,42,49,55,0,124,6915
8,23,34,39,43,52,1,108,7284
12,24,32,40,42,59,0,49,4056
7,8,18,22,39,49,0,52,5096
1,13,19,45,56,58,0,112,8049
8,16,22,30,56,58,1,76,5510
15,16,39,40,47,51,1,15,1865
12,16,20,45,53,60,0,33,2972
1,20,28,32,44,47,1,46,3548
2,19,28,48,51,54,0,26,1962
5,11,22,27,46,50,0,58,3524
10,13,24,41,42,56,0,54,3752
8,20,26,37,42,49,0,58,3646
26,28,30,32,34,50,0,74,3170
11,18,43,48,52,58,0,29,3560
10,11,36,41,42,50,0,65,4518
13,35,39,45,51,60,0,72,5473
12,19,42,46,59,60,0,129,8094
1,9,13,17,33,34,1,366,20840
17,36,40,44,51,56,0,28,1988
14,24,37,40,42,45,0,41,2694
14,27,29,31,34,57,0,81,4433
3,24,48,52,53,54,0,39,4345
10,13,32,47,49,60,0,79,6173
11,12,14,19,54,56,1,50,5432
5,23,29,42,45,48,3,139,4869
9,24,33,41,48,54,0,31,2156
10,24,25,29,53,59,0,29,2765
26,28,39,45,48,60,0,36,4356
10,18,20,24,56,57,0,41,3874
5,9,19,24,31,34,0,74,6274
6,10,11,40,41,56,1,66,4745
1,26,37,39,43,48,0,23,2722
35,36,37,46,51,59,0,24,2623
16,20,33,58,59,60,1,56,3995
3,6,11,20,36,41,0,31,2883
14,29,34,40,51,52,0,22,1390
5,11,38,46,53,54,0,58,4204
4,27,36,40,42,55,0,64,4211
4,18,23,25,56,60,0,79,5525
1,27,30,49,51,55,0,64,4020
1,12,36,38,55,59,0,74,4971
7,8,18,25,47,48,0,185,10055
7,16,26,29,45,55,0,77,8122
1,4,5,16,23,49,1,203,15283
1,2,14,33,49,56,0,53,2814
7,24,27,40,41,49,1,32,2427
22,37,42,48,58,59,0,24,2895
9,16,27,38,39,51,0,67,4259
24,28,34,38,43,53,0,54,4411
6,11,20,34,37,40,0,72,4792
18,22,29,32,38,42,0,96,5586
24,25,30,42,43,50,0,67,5204
9,15,32,41,42,49,0,94,7583
8,10,25,32,48,55,0,284,12803
14,31,40,42,44,46,0,115,9797
3,21,25,37,54,58,1,448,22087
2,3,5,22,26,44,0,188,11222
21,25,38,53,58,59,0,62,5210
4,27,36,37,47,60,0,62,5647
2,11,12,35,40,43,0,79,5680
17,19,33,37,40,50,0,81,7103
5,12,27,33,43,56,1,347,15404
4,5,15,26,33,54,0,47,3901
1,7,14,41,48,59,0,28,2887
11,21,30,35,47,52,0,38,2757
6,7,31,49,51,60,0,29,2998
8,12,15,41,47,53,0,90,5446
8,16,37,50,55,58,0,54,3896
11,18,33,57,58,60,0,71,4995
13,14,17,31,41,50,0,152,7170
15,19,29,37,41,53,0,114,7087
6,11,13,21,40,52,0,76,6333
9,16,34,37,53,57,2,195,10814
28,31,32,35,51,53,0,27,2895
8,12,22,27,43,55,0,43,3981
17,23,48,50,53,54,0,54,3752
2,3,14,24,31,40,0,53,3584
1,13,23,31,48,60,0,103,5623
1,18,45,56,57,58,0,47,3663
2,11,24,27,30,45,0,123,7343
2,4,18,27,34,50,0,56,5784
3,11,13,15,26,43,0,144,11514
2,7,10,17,22,60,0,282,15980
1,8,10,36,43,51,2,140,12461
7,9,13,39,45,47,0,102,5998
4,6,9,22,29,44,0,106,5202
5,25,34,39,46,49,0,48,4608
5,10,33,40,41,59,0,79,5840
7,8,35,43,53,58,0,97,5637
1,12,16,26,46,54,0,67,5838
7,8,17,35,39,53,0,113,10955
4,12,24,33,36,54,3,237,13134
2,7,16,29,32,50,1,37,2512
6,17,23,28,35,41,0,68,3816
7,21,33,35,39,58,0,41,2893
3,32,37,39,47,53,0,63,3553
12,31,44,51,54,56,0,20,2606
3,14,23,25,36,55,0,99,6723
9,18,36,44,57,60,0,85,5334
1,6,16,36,50,52,0,49,4000
17,27,34,48,51,55,0,102,6190
3,9,35,37,41,49,2,343,20451
1,5,7,37,40,47,0,35,2838
4,12,14,30,42,59,0,29,2688
8,13,24,32,42,44,0,81,5381
5,18,33,43,56,57,1,51,5041
2,15,16,45,50,54,0,34,2824
6,15,16,23,28,35,0,88,6659
6,17,19,49,50,53,0,65,4196
2,12,26,31,43,46,0,67,5110
27,29,43,44,45,54,1,58,3984
9,15,38,40,42,52,0,33,3043
1,21,38,41,49,56,0,19,2190
11,12,24,32,33,38,0,65,6267
14,15,26,30,42,54,0,47,4178
6,10,35,45,49,56,0,54,4723
12,16,28,29,47,50,1,90,6943
24,26,27,36,39,59,0,23,2133
2,7,17,34,41,50,0,25,1622
20,23,25,32,54,60,0,28,2762
4,12,23,26,39,46,0,77,5387
2,16,21,37,43,57,0,134,5262
1,10,12,25,49,57,2,114,6686
2,3,12,21,23,56,0,53,4363
1,2,7,19,35,51,0,74,4519
4,24,47,48,50,57,0,31,2669
10,17,33,42,54,58,0,49,3799
4,7,20,25,38,50,0,74,5579
4,23,24,25,29,42,0,86,6849
2,7,22,35,43,59,1,152,8630
3,4,13,34,42,50,0,41,2827
4,12,30,47,49,59,0,41,2977
5,27,37,38,41,50,0,34,3135
12,17,18,30,32,58,0,53,3448
1,23,36,43,47,59,0,74,4910
30,31,39,45,48,59,0,38,2588
12,17,44,45,46,60,0,80,5517
13,17,27,29,40,56,0,100,8936
9,12,21,37,39,54,0,143,10120
1,9,26,40,47,48,0,101,7655
3,7,45,47,53,55,1,189,15290
3,10,16,30,37,50,0,62,4336
1,19,24,42,50,58,0,63,4477
15,22,32,38,50,54,0,62,4419
4,8,30,33,37,59,1,93,6408
12,16,20,21,29,50,0,49,3078
4,12,25,34,35,48,0,68,5401
14,21,29,34,46,47,0,69,4559
10,35,38,51,52,60,0,66,5330
3,5,14,29,34,51,0,58,4919
5,10,37,46,54,58,1,64,4336
12,27,42,46,47,50,0,30,3058
3,15,35,41,57,60,0,56,3075
2,14,23,28,50,56,0,80,3943
20,31,36,37,45,51,0,21,1890
25,26,29,36,52,54,0,26,3127
7,10,28,50,51,59,0,43,3828
8,10,13,39,54,56,0,66,5707
2,11,23,35,42,59,0,144,7533
4,8,21,32,43,48,1,140,8427
8,27,37,42,53,56,0,27,2163
5,8,17,35,37,48,1,126,6657
10,11,26,27,31,41,0,19,1521
20,31,34,37,54,60,0,40,1955
17,19,29,31,44,57,0,62,3247
6,31,38,39,50,60,0,13,1808
2,6,19,22,28,43,0,71,5884
9,14,19,35,42,58,1,114,5756
9,29,34,43,45,56,0,32,1949
3,15,16,33,51,57,0,62,3629
3,38,42,47,55,56,0,15,1730
14,21,26,29,36,48,0,76,4389
5,19,24,34,39,43,0,80,4883
6,12,47,48,52,58,0,66,3447
3,4,9,29,32,52,0,48,4104
19,29,35,42,55,57,0,56,4675
1,7,11,37,38,56,0,44,4497
11,19,20,22,42,48,0,73,5791
6,14,18,24,48,60,0,117,8216
3,5,10,21,28,57,0,193,12055
3,13,37,47,56,59,1,134,9937
2,30,36,43,48,60,0,62,3489
18,26,35,41,47,60,0,50,3179
2,8,27,32,49,56,0,130,6188
2,15,21,31,46,57,0,44,3844
5,11,15,23,25,30,0,121,7669
1,4,5,33,37,48,0,75,6450
10,28,32,41,47,57,2,89,5508
11,13,38,39,54,57,0,57,2116
9,15,23,45,46,56,0,43,3244
2,8,11,41,46,50,0,37,2534
9,19,37,39,50,57,0,56,3621
20,21,30,40,47,52,0,21,1885
10,29,30,34,43,52,0,27,2469
8,9,22,25,41,44,0,58,4935
5,19,25,46,51,58,0,105,5868
10,17,21,32,45,46,2,82,5102
4,29,33,36,38,42,0,37,3307
4,10,17,27,41,52,0,31,2585
1,15,26,51,54,59,0,22,2144
6,7,9,20,33,48,0,53,5002
10,21,28,40,41,47,0,52,4148
6,7,8,27,45,53,0,68,3571
18,24,30,42,51,56,0,47,4106
23,28,38,42,50,53,0,29,3478
10,14,32,47,50,56,0,162,10814
2,13,41,49,51,53,0,94,7705
3,32,33,42,48,50,0,117,12045
15,17,23,33,39,49,1,510,37086
13,16,46,53,57,58,0,40,2678
10,16,17,34,44,51,1,42,3073
18,31,33,49,57,58,0,40,4078
17,22,28,38,52,59,0,64,4859
5,6,16,24,34,60,1,73,6233
9,23,30,38,44,47,0,41,2825
7,8,11,18,37,43,0,77,5314
17,29,31,35,43,59,0,94,5512
7,22,32,36,38,51,0,67,5162
7,9,30,44,51,60,0,58,4700
1,16,34,36,45,48,0,68,5642
16,24,34,44,54,57,0,91,7679
14,19,20,40,48,52,0,67,5308
2,3,44,47,50,54,0,82,6231
14,15,27,42,44,48,1,242,14062
17,27,32,34,47,56,1,90,4602
8,9,39,44,49,58,0,33,2208
7,22,25,44,59,60,0,117,6520
3,16,19,32,35,58,3,177,7593
6,14,23,34,38,44,0,42,3489
30,38,46,51,56,59,0,17,1465
3,17,24,25,27,44,0,88,7056
3,24,31,42,43,53,0,59,3478
11,15,40,41,42,47,0,37,2924
2,3,17,49,50,59,0,71,4732
4,18,23,31,37,54,2,185,8821
9,12,34,46,47,57,0,35,3275
2,8,17,22,42,44,0,111,6853
39,40,42,47,59,60,1,34,2296
2,8,11,12,19,35,1,99,5632
15,24,32,50,53,57,0,25,1454
8,11,31,33,42,57,0,47,2926
23,26,27,41,51,53,0,28,2694
5,27,36,40,46,48,0,46,3704
10,19,26,28,44,54,0,51,4381
21,22,25,40,51,57,0,37,3453
27,29,42,49,50,51,1,57,3912
8,21,34,40,43,52,0,26,2923
1,5,10,17,47,58,0,80,6225
5,18,31,43,55,58,0,81,4636
4,19,30,34,57,59,0,70,5051
10,20,42,44,52,59,0,32,3024
18,20,24,36,53,58,1,153,8240
4,8,12,41,45,60,0,30,3847
13,15,20,28,31,36,0,69,4817
11,12,37,38,43,54,0,33,3702
10,28,29,35,42,46,0,45,3852
25,30,37,46,49,51,0,46,4314
4,18,24,43,51,56,0,99,6959
17,41,42,44,45,60,1,81,6642
21,32,37,52,53,60,0,13,1494
2,11,12,14,22,39,0,56,4752
4,13,31,33,47,51,0,114,6503
17,33,37,50,55,59,0,100,5764
1,12,21,32,34,44,0,79,4885
24,40,50,52,54,60,1,50,3672
20,24,34,39,54,60,0,21,1733
7,9,17,21,22,54,0,105,6983
15,16,19,22,34,35,0,92,6400
1,19,42,44,49,52,0,54,4782
3,18,26,51,53,56,0,105,6595
20,24,28,37,41,44,0,59,6653
2,41,43,55,57,58,0,82,6473
5,11,22,31,35,41,0,98,10769
7,21,22,43,46,57,0,212,16644
3,4,8,30,45,54,2,596,27120
18,20,36,53,54,58,0,948,3559
4,18,21,34,38,59,1,89,6184
13,16,32,33,34,56,0,100,5617
18,23,50,52,55,58,0,68,3490
5,17,20,32,41,55,0,62,4688
32,44,48,51,53,59,0,72,4007
2,4,15,16,55,57,1,89,6223
7,14,24,29,35,39,1,49,4239
9,36,37,41,51,53,0,25,2244
1,9,19,25,50,52,0,120,6205
17,22,26,28,38,42,0,48,4586
3,15,27,29,36,53,0,107,6512
1,6,28,29,46,49,1,63,5376
4,19,21,26,29,54,0,62,4474
14,30,36,38,46,59,1,27,2683
9,12,23,33,45,51,0,64,4731
17,20,26,28,48,49,1,44,3580
5,28,33,36,37,38,0,144,3220
23,25,30,46,47,59,0,61,3491
4,8,12,38,44,52,0,135,6883
3,25,31,41,43,60,0,37,3505
5,17,24,52,55,57,0,94,6584
1,9,35,41,48,57,0,62,4365
12,13,19,41,45,49,0,136,8735
2,15,39,50,53,57,0,90,6122
2,20,21,27,51,60,0,90,7236
8,22,36,37,46,52,1,132,10214
21,33,34,40,41,59,0,24,2019
19,23,26,31,33,36,0,45,3499
4,10,32,33,49,60,1,43,4246
16,27,35,39,49,57,0,42,3095
20,28,37,46,49,55,0,73,5481
7,17,19,34,36,39,0,245,14573
2,17,21,36,42,53,1,196,10515
8,14,25,39,45,51,0,66,3308
1,3,21,25,44,48,0,55,5101
7,13,18,29,31,45,0,243,10898
5,14,22,29,33,44,2,144,9280
2,21,22,30,41,52,0,20,1763
15,27,35,50,57,59,0,39,3235
6,19,23,37,49,50,0,103,5670
5,25,31,33,37,51,0,109,6936
10,11,15,27,53,60,0,37,3406
5,8,18,42,52,59,0,73,5310
3,12,23,41,47,58,1,116,7783
16,37,43,52,58,59,0,21,2669
4,8,27,44,54,59,0,118,6615
1,5,12,47,52,59,0,92,6373
3,5,11,14,33,58,1,95,8955
22,41,44,46,52,54,0,30,2141
1,23,41,44,51,52,0,28,2679
23,41,42,48,49,59,0,43,3953
14,24,34,39,49,55,0,41,3894
2,11,18,27,30,54,0,132,7126
1,16,39,42,48,55,1,71,5055
5,8,18,24,33,57,0,81,5213
5,12,21,32,33,35,2,90,6180
46,47,51,54,57,59,1,38,2468
24,25,32,34,50,57,0,24,2210
7,13,22,33,48,51,3,269,8718
3,5,11,33,39,57,0,138,7139
6,18,19,33,34,53,0,73,4852
2,4,16,21,36,53,0,81,7193
2,11,40,48,49,55,1,41,3554
15,17,37,48,50,59,0,30,2644
8,13,20,26,33,42,0,125,6128
5,30,36,39,57,58,0,61,3934
1,4,26,28,41,58,0,55,4397
5,13,14,18,30,57,0,91,7445
1,4,13,30,51,60,0,124,9572
13,25,35,41,50,56,1,82,6898
5,21,28,34,54,57,3,108,6144
4,11,14,33,44,45,0,66,4390
15,18,31,33,34,56,3,723,4082
1,8,30,36,47,53,0,36,2274
12,16,20,31,38,45,0,93,4213
9,30,33,37,40,41,0,55,4524
14,23,25,28,38,53,0,74,6395
3,5,7,9,17,32,1,452,24482
12,16,18,27,42,58,0,69,4616
3,15,28,31,39,51,0,42,3714
15,17,29,35,36,59,0,88,6837
1,8,34,41,53,58,0,74,4974
8,12,24,40,43,49,0,125,8510
16,22,32,38,40,45,1,244,9930
4,10,20,43,46,47,0,38,2643
4,16,18,46,56,59,0,55,4846
6,15,19,24,31,32,0,120,7953
13,27,31,34,47,58,0,193,10923
8,17,46,48,56,60,0,73,6874
2,21,27,29,32,38,0,130,10296
2,10,15,18,29,39,2,290,20863
8,9,15,38,41,60,0,36,3028
1,4,6,8,25,28,0,330,13216
5,24,25,26,42,60,0,68,5121
3,20,29,40,44,58,0,47,3838
4,16,31,36,54,55,0,76,6790
7,15,20,21,23,29,2,165,11901
9,17,18,32,53,55,0,40,3203
3,4,21,22,28,32,0,40,4526
18,24,36,44,55,58,0,103,6681
29,38,39,49,53,58,0,41,3771
12,15,27,37,51,60,0,87,7074
3,7,25,31,40,58,1,174,10015
5,10,16,23,26,27,1,86,5694
29,40,43,44,45,47,0,34,2419
4,6,12,37,41,42,1,67,5871
2,4,17,33,48,55,1,136,5935
4,27,36,37,49,52,0,46,2884
7,13,15,34,42,48,0,159,8123
1,6,12,29,34,58,2,111,5083
2,3,13,37,46,54,0,61,4679
2,11,21,30,35,52,0,113,3889
14,19,40,47,55,58,0,43,3755
7,9,12,19,20,41,1,178,10125
8,9,25,41,57,60,0,65,3861
3,8,17,26,28,49,0,110,8105
5,9,11,20,25,60,1,174,9476
6,19,31,34,51,56,0,36,2885
9,24,44,51,55,58,0,35,4170
4,13,23,29,46,47,0,77,6124
1,2,19,32,39,52,0,56,4646
2,33,42,43,51,55,1,46,4247
5,21,31,39,40,56,0,21,1505
2,7,8,18,40,45,0,65,4937
18,22,28,29,39,53,0,23,2722
10,27,28,29,40,52,0,34,3705
6,10,17,33,51,53,0,92,7192
18,20,33,44,47,60,0,112,6992
20,26,34,51,52,54,0,66,5453
5,16,17,20,24,32,1,262,17979
1,8,23,37,54,57,0,123,7495
24,33,40,43,46,49,1,59,5508
15,16,26,29,43,57,0,49,3682
5,6,17,33,39,54,0,83,6445
1,3,18,20,42,49,0,61,4635
1,11,26,51,59,60,0,289,19044
10,27,36,39,41,52,1,177,11703
4,36,44,46,53,56,0,27,3108
6,7,28,35,43,51,0,80,5438
2,20,24,27,36,52,0,96,6631
1,6,28,39,44,55,0,66,6431
10,12,36,44,54,57,1,82,8071
13,18,25,30,46,51,0,79,4761
14,21,25,48,51,60,0,35,3197
10,11,13,35,39,58,0,79,6346
1,5,6,17,31,50,0,102,8623
28,40,42,54,55,57,1,49,4875
1,2,8,10,14,48,0,148,8110
3,16,21,28,38,57,1,70,4990
2,5,17,29,34,52,1,143,6295
14,24,26,33,45,60,0,66,4590
7,10,11,13,43,57,0,66,5281
8,11,15,16,52,57,1,77,5743
15,27,34,42,49,53,1,112,4385
13,14,18,27,41,60,0,37,3567
12,15,16,20,27,32,2,86,6311
6,8,38,50,53,59,1,23,2350
2,3,4,15,49,59,0,46,3923
18,20,24,45,51,57,1,50,3853
1,12,14,16,37,45,1,63,4089
1,3,16,18,41,42,1,60,5220
9,21,23,30,41,56,0,29,2579
2,8,23,33,37,55,0,114,6442
1,22,44,47,49,50,0,68,4202
4,16,19,28,29,49,0,74,5517
7,19,30,39,43,57,0,72,6501
6,10,25,32,43,49,0,115,8153
4,10,14,25,28,56,0,172,10795
25,27,44,47,48,57,0,146,10795
9,17,28,45,49,53,1,275,16287
5,8,16,23,41,53,2,302,8729
5,7,37,43,53,54,0,56,3846
9,18,19,43,47,54,0,47,4915
8,25,32,34,36,44,0,66,5305
3,10,23,29,47,50,0,111,7099
10,12,16,21,39,53,0,119,7179
4,10,19,32,33,42,0,102,8656
5,6,9,11,18,37,2,300,19219
3,6,34,41,43,45,0,47,3645
5,12,24,28,36,37,1,150,8339
11,18,20,34,41,56,0,59,4152
9,16,24,29,52,56,0,109,7213
4,17,38,40,50,55,0,63,5460
10,20,23,28,42,43,0,70,6647
5,20,29,33,40,59,0,108,7731
12,21,39,40,50,55,0,81,7674
2,4,6,10,23,45,4,954,52159
3,20,28,32,36,46,0,58,4426
6,24,31,35,42,57,0,78,5886
2,18,20,32,37,48,0,93,6101
9,20,24,36,40,42,0,175,10325
17,23,24,27,49,56,0,146,12471
1,9,30,33,34,40,0,130,11224
19,23,27,38,41,49,0,299,18464
9,10,21,36,41,48,1,211,18534
10,16,21,23,27,36,0,168,10462
3,13,14,16,41,52,0,102,9766
1,17,21,33,48,56,1,242,13115
11,20,21,30,50,52,1,49,3434
14,31,35,38,44,55,0,42,3392
7,17,18,33,41,42,0,119,10353
6,7,10,12,24,57,1,284,17901
9,11,23,35,46,51,0,83,5695
10,19,28,41,55,56,0,47,5696
2,3,6,35,49,58,0,95,6982
1,15,28,43,50,57,1,135,7144
4,15,43,47,50,60,0,37,3139
3,9,20,36,53,54,0,85,6294
7,9,39,43,44,60,0,71,5791
6,8,11,14,29,52,0,141,8371
6,14,26,28,42,45,2,217,11277
4,9,25,32,33,43,1,52,5266
4,32,34,43,52,58,0,43,3283
3,6,29,36,47,59,2,82,5947
3,15,16,22,25,54,1,65,5054
18,30,37,41,44,50,0,26,3005
4,9,13,17,20,47,1,259,14186
1,6,17,27,35,40,0,36,3143
8,20,21,43,44,55,0,30,2965
10,34,41,44,45,54,0,22,2684
7,35,40,44,50,55,0,63,4116
4,17,18,54,56,59,1,94,6105
26,44,46,49,55,56,0,20,2425
4,14,19,39,45,60,0,51,3386
7,11,16,18,33,49,0,122,7528
3,7,29,33,42,56,1,263,11744
4,31,42,52,57,59,0,21,2186
5,8,14,24,29,30,3,152,7135
8,16,24,39,52,60,1,43,3389
12,17,19,32,47,55,0,75,4068
5,18,23,32,49,54,0,279,9245
1,8,16,34,36,49,0,119,7753
12,27,30,33,52,55,0,104,7799
5,10,16,21,39,58,1,111,8648
9,22,29,36,51,56,0,53,3770
4,5,6,19,23,39,1,127,9233
7,31,32,34,37,43,0,41,4242
19,21,25,28,43,50,0,33,2763
2,4,15,18,25,36,0,118,6796
9,28,31,36,37,42,0,25,2049
10,27,40,46,49,58,2,734,55988
9,37,40,50,58,60,0,6,683
3,15,26,28,31,58,0,66,3640
3,30,35,44,47,60,0,52,3686
1,10,18,19,44,49,0,92,6105
3,16,19,24,33,60,1,129,8734
6,10,28,33,34,53,0,53,3641
6,23,31,33,39,52,0,30,3040
27,28,29,32,48,55,0,37,3792
7,8,23,36,46,54,0,91,6998
15,17,28,31,35,52,0,58,5033
1,4,14,21,25,51,0,101,7455
14,20,29,36,44,47,0,99,6884
6,17,19,34,46,55,0,148,9655
4,12,14,21,26,28,0,141,8206
20,28,40,41,51,58,0,76,6061
9,24,31,44,48,49,0,210,15420
9,29,41,43,46,49,4,248,19079
23,30,31,54,55,60,0,38,2442
5,6,34,46,53,55,0,72,7628
1,3,5,18,40,48,1,118,10504
4,7,42,47,48,51,0,43,4214
18,22,25,30,31,41,0,43,3308
5,17,31,47,51,53,0,72,6107
6,14,17,26,40,49,0,56,5145
20,40,42,52,54,60,0,70,3923
22,28,30,31,35,54,0,86,6211
20,28,43,51,52,56,0,44,4342
4,5,20,47,53,56,0,97,8380
1,11,14,23,42,48,1,179,12185
11,13,27,34,46,49,1,228,10746
3,10,13,30,41,57,0,79,5610
6,12,28,43,52,56,0,90,6438
5,7,24,25,36,47,0,140,9619
6,7,39,47,51,52,0,38,4174
2,3,12,16,37,47,0,77,6958
11,14,21,30,33,49,0,102,7379
33,38,47,50,52,55,1,78,6269
1,22,30,45,50,53,0,27,2330
5,22,28,47,59,60,0,99,5765
12,30,34,44,57,60,0,70,5176
18,20,26,31,44,45,0,67,5964
2,4,29,52,56,60,0,82,7157
5,10,12,20,29,37,4,545,21948
4,9,23,27,28,30,0,134,7342
2,10,21,35,43,54,0,96,5571
7,8,12,13,15,41,1,196,12126
8,17,19,40,43,49,0,42,4013
9,20,44,52,59,60,0,32,3164
14,21,27,31,35,50,0,44,4064
10,11,19,37,53,56,2,146,7261
3,11,16,22,25,33,0,138,6525
17,20,49,52,57,59,0,34,2691
2,9,12,14,32,54,0,72,5845
6,13,24,41,50,53,0,54,4511
17,20,26,27,55,57,1,63,4448
3,6,19,20,58,60,0,85,5086
36,37,39,49,54,60,0,35,2662
22,29,36,41,48,58,0,52,3708
16,19,23,28,39,58,0,71,5692
3,10,11,39,54,56,1,91,6489
28,32,36,49,55,60,0,67,3425
8,9,11,48,53,60,0,63,4195
7,9,30,33,38,55,0,99,6138
5,10,25,39,43,52,0,95,6613
4,13,14,26,29,35,0,141,9645
2,6,11,36,37,48,0,112,8526
9,11,22,32,35,56,0,108,8377
1,12,20,26,45,54,0,125,9464
5,14,17,30,35,38,0,251,16146
3,7,9,10,31,34,0,993,57447
3,15,31,36,48,54,7,981,44163
2,23,33,35,40,50,0,28,2326
3,11,26,34,45,53,0,111,6156
5,29,30,36,41,48,0,87,6593
10,25,30,47,50,51,0,144,10052
4,7,13,25,27,58,0,555,26524
5,11,15,28,43,50,0,266,16184
10,23,29,31,33,46,0,211,17290
2,33,34,37,41,53,0,220,17919
5,15,43,48,52,55,1,377,30478
5,14,37,43,46,58,0,102,5864
5,8,19,26,48,57,0,121,7404
15,17,35,42,47,48,0,358,9411
19,21,27,41,53,57,1,124,6867
31,32,34,40,50,55,1,36,3825
10,31,40,50,55,56,0,57,9917
4,28,30,31,35,54,1,463,5301
10,23,36,50,52,60,0,43,3050
12,30,32,40,49,60,0,42,2827
9,12,19,22,35,37,0,110,9272
5,20,23,27,39,49,1,161,9961
8,11,12,15,18,22,0,161,7374
22,29,32,49,54,59,0,33,3057
3,5,19,24,30,35,0,120,9102
10,16,20,26,49,55,0,83,6028
3,8,17,20,38,53,0,136,9270
5,18,21,26,39,59,1,132,9303
13,14,24,39,40,45,0,41,3065
1,15,37,39,48,52,0,57,3794
8,9,12,22,42,49,0,123,8257
10,13,25,26,28,45,0,181,12556
11,34,45,48,51,54,0,19,2046
9,19,23,29,32,57,0,139,8401
2,8,15,25,34,45,0,124,9080
2,10,34,37,43,50,4,1561,94921
10,37,40,43,57,59,0,46,3939
3,9,11,24,36,51,0,164,9543
20,33,34,57,58,60,0,86,3832
3,8,36,40,51,53,1,103,5887
1,2,24,40,51,59,0,61,4394
5,27,34,46,48,52,0,261,9795
2,14,35,39,49,51,0,67,4975
2,17,23,43,44,51,0,99,7284
7,9,14,18,29,39,0,142,9454
5,23,38,39,51,54,0,155,11485
26,33,35,38,43,53,0,121,8843
2,15,26,27,30,52,2,154,11765
11,26,47,55,57,59,0,27,2688
4,6,39,46,54,58,0,74,5240
19,23,29,31,41,53,0,70,5798
10,14,22,41,42,53,0,78,6490
5,7,8,9,11,39,2,440,25528
4,18,26,36,41,53,0,79,4180
4,17,36,37,51,56,0,29,2583
13,19,24,46,50,60,0,97,7669
6,10,33,39,42,60,0,106,8019
4,20,30,41,47,58,0,56,5172
3,16,17,44,53,60,0,123,8836
4,5,15,17,27,51,2,200,15111
5,9,24,31,33,42,0,144,9186
1,2,39,48,52,59,0,65,6281
13,26,27,28,35,52,0,113,9626
13,19,26,40,58,60,0,118,8910
13,17,21,39,40,59,0,166,11088
2,14,48,55,58,60,0,111,11630
5,9,11,22,36,40,2,560,30367
12,18,31,50,59,60,0,30,1783
4,16,24,25,30,56,0,187,5455
8,14,29,35,36,40,0,98,5880
6,10,16,20,29,54,0,97,8585
8,11,14,30,36,38,1,198,12813
4,23,39,52,55,56,0,37,4203
8,30,40,44,59,60,0,57,4333
20,21,26,29,31,36,0,46,3353
10,15,28,31,33,38,0,127,9744
2,5,28,33,51,52,0,185,12297
11,12,31,33,42,52,0,137,8177
17,30,32,40,42,56,0,69,7350
1,3,8,13,27,52,2,436,30724
2,3,14,23,34,50,0,93,7535
18,40,47,54,57,58,0,49,5416
9,11,23,30,31,54,0,128,10397
1,13,24,40,44,50,0,163,11182
4,6,29,48,50,51,0,148,10401
2,5,15,20,43,57,1,314,20014
10,14,43,46,49,53,0,48,3607
2,5,11,13,56,59,0,100,9538
14,15,30,53,55,60,1,38,4046
8,22,32,43,53,56,0,35,3035
43,44,46,53,54,59,2,58,3652
3,16,23,25,51,56,1,74,5155
2,10,15,44,56,57,0,63,5084
8,19,46,51,52,54,0,40,3573
7,14,15,20,23,35,0,79,7568
3,5,11,36,44,46,0,136,9982
6,19,22,34,43,45,0,167,10694
7,10,32,43,47,54,1,153,11019
7,8,24,30,33,47,0,75,4417
7,12,25,26,32,39,0,100,6163
8,9,14,32,53,59,0,107,7570
7,9,12,19,45,54,0,253,13609
5,20,22,28,29,30,0,201,10377
1,4,26,39,43,49,0,140,9036
38,42,44,52,58,60,0,122,7797
1,27,29,38,50,52,1,108,9003
8,13,25,34,42,48,1,241,9757
6,13,29,30,35,37,0,67,5004
11,14,16,28,34,46,0,140,6962
4,5,16,18,27,51,0,103,7798
17,24,25,38,41,55,0,128,8496
10,47,51,53,59,60,1,128,11775
10,21,43,47,53,55,0,54,3738
6,15,25,37,48,55,0,58,5387
18,29,31,44,51,57,0,86,5421
2,5,16,20,35,43,0,195,14090
10,11,18,19,30,50,0,179,13207
16,35,36,41,52,54,0,89,7175
10,23,27,43,53,59,1,213,14179
7,8,11,39,43,50,0,66,5244
8,18,21,30,48,49,0,76,6768
9,24,26,39,46,57,1,157,11461
3,5,13,24,35,59,1,150,10790
25,26,28,33,42,51,0,54,3893
1,6,8,10,25,27,0,392,16794
3,14,20,22,49,51,1,94,7457
1,32,38,47,51,54,1,38,3539
2,20,35,38,45,51,0,30,2680
1,18,19,33,43,60,1,102,6329
7,10,14,16,54,59,0,58,5087
13,21,30,36,59,60,0,71,6148
1,11,20,37,40,52,0,90,6566
5,7,42,46,50,60,0,102,8092
19,20,31,42,51,56,0,58,6113
8,19,21,36,42,59,3,236,13393
7,17,19,26,40,50,0,74,6043
12,32,40,47,48,59,1,57,5205
9,19,45,46,54,56,0,38,2940
7,12,38,39,45,56,0,89,5009
9,19,20,50,51,60,1,168,7012
3,4,29,36,45,55,5,954,85582
13,33,36,41,50,56,0,34,3264
9,18,24,35,36,59,0,75,6632
3,11,13,27,32,47,1,161,10308
2,8,38,42,48,49,1,71,4842
11,17,24,39,46,49,0,133,6490
6,13,21,22,31,46,0,90,7070
1,19,24,26,52,55,0,116,6940
3,15,16,35,37,47,0,145,10440
6,10,12,17,28,53,0,254,13663
2,16,17,25,50,54,2,112,9880
23,27,30,37,38,44,0,38,3381
2,12,19,22,36,58,3,129,8825
25,35,42,45,52,57,0,36,2744
10,13,20,40,44,53,0,60,4436
2,24,26,32,35,50,0,52,3368
12,27,37,44,54,59,1,124,7974
2,7,13,29,38,43,0,111,6443
10,21,26,29,32,38,1,34,4447
5,16,24,32,38,46,0,195,7636
2,4,5,27,49,59,2,115,9979
3,4,8,11,47,49,0,101,7421
3,36,40,46,58,60,0,48,4069
7,27,39,52,55,57,1,73,6082
6,21,28,31,33,43,0,32,3575
14,25,28,45,53,58,2,121,7136
9,11,21,49,53,54,0,57,4091
2,5,12,13,25,35,1,175,12352
2,5,17,18,54,59,0,74,5614
5,12,36,45,50,58,0,61,5455
3,14,52,55,57,60,0,100,6994
11,27,30,40,44,57,1,109,7087
5,13,16,17,27,55,0,70,6131
7,9,23,44,46,55,0,106,6224
2,18,30,31,45,56,2,56,5010
27,35,36,37,42,59,1,52,4170
12,28,38,39,51,56,0,27,3462
18,27,32,43,50,52,0,47,3492
22,29,31,43,50,54,0,48,4047
1,16,28,39,44,57,1,146,7397
4,19,27,28,29,31,2,149,7924
7,12,19,34,40,53,0,74,5293
2,8,12,28,33,43,0,116,8651
4,18,24,28,39,44,1,86,5717
11,16,24,35,46,50,0,32,4092
5,11,17,19,44,48,0,245,13657
29,48,52,54,55,58,0,44,4577
3,4,7,15,27,56,0,249,18115
14,32,33,40,42,51,0,75,7149
34,39,43,56,57,60,2,648,9834
9,26,34,43,53,54,0,72,6208
11,12,25,33,48,54,1,233,11965
2,9,10,21,27,38,0,101,7929
13,16,20,26,39,42,0,95,6176
7,8,27,31,32,51,0,88,7470
3,14,17,32,37,39,1,315,15516
7,10,17,24,38,57,0,134,9133
18,29,31,42,43,53,0,53,3583
4,19,20,24,39,43,0,118,8075
6,19,26,47,50,58,0,96,6846
18,29,40,42,50,54,0,70,6917
8,12,32,44,46,48,2,360,21016
6,8,24,37,41,45,1,103,6893
13,15,33,45,54,55,0,70,3887
21,37,44,46,49,57,0,36,3349
26,36,40,46,49,51,0,39,3766
3,19,22,24,35,49,2,206,14457
5,12,45,52,56,59,4,83,6383
7,8,10,12,27,56,0,188,11107
17,21,30,48,52,58,0,56,3828
2,11,16,18,36,45,0,129,9189
19,31,39,44,53,59,1,142,8046
2,5,13,17,39,44,1,250,12007
3,8,21,25,27,43,3,187,8340
3,7,15,29,38,60,0,83,6625
7,16,29,36,38,50,1,82,6460
6,15,18,24,30,44,0,67,5957
8,39,44,47,53,56,0,73,4824
7,15,19,34,37,55,1,204,9777
9,12,22,39,48,60,0,59,4805
2,19,22,30,46,52,0,87,6685
5,9,13,33,40,54,0,278,17721
16,24,25,42,45,59,0,124,10268
4,13,14,40,46,52,1,124,9358
3,18,22,34,55,58,2,116,6335
4,15,45,47,50,52,0,93,6915
1,13,23,24,30,57,0,127,9275
22,23,26,37,38,48,0,107,8856
7,14,31,33,36,49,2,712,19524
2,34,35,42,43,55,0,45,3961
2,6,28,36,51,56,1,148,11068
17,29,36,38,53,56,0,66,5471
12,13,20,30,34,49,0,80,6274
12,20,32,48,52,54,0,72,5984
2,5,27,28,48,55,0,175,11165
5,19,32,41,49,58,1,133,10497
6,13,24,32,40,51,1,87,5521
1,19,28,33,39,41,0,51,4339
1,25,29,36,56,60,0,83,6212
2,6,18,30,52,56,0,116,8481
26,27,31,38,44,45,0,88,7146
2,10,11,33,52,57,0,164,12868
2,14,28,50,57,58,0,60,5878
6,13,25,32,47,57,0,282,14237
4,27,29,41,48,52,0,144,11007
14,32,33,36,41,52,3,1368,113258
6,8,14,26,36,40,0,24,2685
15,16,34,42,46,59,0,96,6867
2,4,16,33,44,51,0,134,9515
2,6,30,34,35,52,1,147,11563
4,14,27,38,50,52,0,103,7074
31,36,44,47,49,54,0,99,6683
5,9,25,27,38,40,1,392,12264
13,22,28,29,40,48,0,46,4520
2,24,32,50,54,59,0,76,5570
6,11,16,26,44,53,0,117,7939
4,6,13,34,37,51,1,213,15287
23,24,26,41,52,53,1,75,3925
1,2,10,19,20,37,1,179,6493
4,13,35,54,56,58,0,105,6920
2,34,36,38,51,55,2,172,9203
10,25,33,36,40,58,0,92,5159
12,18,23,25,45,50,0,130,7002
2,12,33,57,58,60,0,121,8300
1,2,3,11,28,43,1,158,11838
12,13,37,44,48,51,1,111,9065
4,10,26,37,47,57,0,58,4681
3,4,46,50,56,59,0,58,4036
10,27,37,40,47,55,0,56,4924
21,48,50,54,57,60,0,59,5006
9,14,21,26,36,52,1,151,11395
17,27,28,40,44,55,0,46,3154
6,9,11,34,41,53,0,79,5433
1,35,39,53,55,56,0,53,4817
17,20,24,29,49,53,0,85,7114
4,27,30,36,54,59,0,212,12408
1,6,10,34,40,54,1,174,12128
4,9,17,23,28,53,0,198,9593
4,22,25,38,45,51,1,144,7105
1,15,24,26,28,48,1,86,5462
1,3,31,32,43,52,0,73,4902
6,26,45,50,56,60,0,74,5450
4,9,18,44,46,48,1,232,12719
7,12,24,27,30,49,2,137,9075
2,14,24,28,35,50,0,68,5746
4,13,14,44,49,57,0,140,9828
14,18,28,41,47,54,0,106,8337
4,5,7,27,45,58,0,252,17540
6,11,27,40,46,49,0,237,14820
8,22,26,33,37,54,1,295,18276
10,18,31,43,57,59,1,81,7055
1,7,13,29,37,54,1,238,11210
6,22,43,51,52,57,0,48,3580
3,4,16,22,36,42,0,111,8448
2,10,12,30,41,42,0,74,5957
1,2,6,9,16,32,0,263,15199
3,14,18,34,42,49,0,182,10892
24,46,50,51,52,56,0,93,7021
17,18,30,35,39,58,2,115,10276
1,6,27,46,51,59,0,71,5633
1,8,17,44,46,53,1,95,9101
4,8,17,29,31,45,0,138,7658
11,28,35,42,46,58,0,94,5874
17,28,31,56,57,58,0,44,4837
16,17,23,42,59,60,1,66,6219
4,13,14,18,49,59,1,111,8567
4,18,20,34,45,60,1,56,3946
7,17,38,45,52,56,0,60,5366
8,9,28,41,48,55,0,28,2892
5,6,15,23,56,59,0,72,5886
7,31,35,36,46,48,0,43,5886
11,14,18,30,33,39,1,134,9266
5,8,23,32,33,56,0,93,6765
22,25,31,39,41,44,0,61,4254
2,12,40,46,52,53,0,53,4637
2,26,30,35,46,54,0,67,6260
10,16,28,47,51,59,1,149,10735
16,32,36,42,44,48,0,92,5439
4,13,15,19,36,58,0,101,7347
11,15,17,34,35,49,1,75,6622
10,16,28,33,48,53,2,138,9644
12,13,24,41,42,44,0,108,5944
2,11,23,31,42,44,3,91,5676
13,21,29,34,47,57,0,89,5659
1,12,28,29,34,48,1,89,6196
8,9,25,41,54,55,0,63,6058
13,18,29,32,50,58,0,89,7408
6,10,33,50,51,56,1,209,11870
23,27,35,52,53,57,1,132,5238
8,10,20,26,49,58,0,53,4366
3,17,27,32,47,54,0,299,14429
5,24,37,44,49,58,0,205,12026
7,11,12,30,39,57,0,154,11783
7,15,20,23,30,41,0,182,13138
2,21,30,35,45,50,0,152,10385
4,6,11,24,45,48,1,680,45410
4,17,38,44,53,60,0,100,6673
2,9,10,18,21,28,1,227,11559
19,41,42,44,47,54,0,45,3429
10,12,16,20,32,53,1,66,6564
9,13,21,27,36,56,1,229,14109
2,15,19,21,23,38,1,131,7631
7,18,24,26,39,46,0,122,7839
20,21,22,29,46,60,0,48,3788
30,32,49,50,52,53,0,60,4098
2,5,23,33,52,59,0,167,13033
1,4,7,10,11,52,0,549,26705
4,16,18,31,45,46,0,123,8744
7,15,17,31,42,54,0,186,11538
8,12,16,29,37,58,1,317,16431
20,30,36,38,47,53,4,1147,90376
23,26,28,54,55,60,0,20,1669
10,12,23,37,47,51,0,59,4384
1,6,13,20,36,43,1,202,10395
25,38,44,46,53,54,1,71,5602
18,37,39,41,43,51,0,52,5157
5,6,11,32,36,60,1,133,8797
2,15,30,38,48,53,0,59,4463
19,24,25,28,42,58,0,103,7192
5,15,18,31,42,53,0,81,6718
15,18,24,42,46,56,0,225,11903
3,29,32,46,55,60,0,176,11857
20,27,42,45,46,47,0,93,11613
7,16,21,35,36,38,0,230,19015
6,27,28,33,46,48,0,459,29794
1,4,5,14,45,56,1,709,42590
13,15,21,26,30,46,0,88,5886
11,14,25,32,51,59,1,86,6004
3,6,30,37,53,56,0,107,6347
25,34,40,49,51,60,0,23,2180
1,6,14,17,33,36,2,378,20400
14,15,25,30,31,34,0,41,4202
1,4,13,17,38,48,1,125,10807
2,9,17,18,45,47,0,130,7907
3,22,27,28,50,54,0,97,7379
2,43,47,48,49,55,0,103,8235
8,39,43,46,47,58,0,150,10556
8,19,21,30,52,56,0,179,12440
23,29,32,36,45,49,2,353,21216
4,5,11,19,41,51,0,87,7815
7,20,34,40,44,55,0,89,8050
4,10,23,33,38,55,1,278,16180
31,36,38,41,42,49,0,23,2341
4,9,17,18,21,38,1,136,8689
6,7,8,23,43,53,0,71,6341
2,5,8,42,46,59,2,236,12387
1,5,7,10,12,45,1,380,16970
5,10,16,44,50,52,0,57,5638
29,31,36,42,47,53,0,121,6776
3,10,15,35,36,58,1,135,8922
9,23,32,35,46,57,1,110,8443
8,10,24,45,56,60,0,90,5373
8,12,22,35,40,44,1,69,6039
13,20,27,31,53,60,0,64,4652
2,21,24,27,40,51,0,62,5333
9,19,21,30,31,42,0,87,6694
1,15,37,42,46,54,1,101,9327
7,31,32,41,51,52,0,91,2820
5,6,17,43,54,59,0,79,5998
2,6,13,26,53,60,0,140,8573
1,4,9,35,36,53,0,173,9626
24,28,47,50,51,58,0,97,6367
6,13,17,36,42,51,2,261,16822
4,18,31,44,46,49,0,103,5801
14,17,21,27,43,49,1,149,7458
5,20,26,31,33,44,0,71,5701
28,31,40,42,46,58,0,185,6475
3,23,26,31,47,54,2,265,13116
9,20,24,43,51,52,1,32,3161
5,8,17,42,46,47,0,92,7438
13,23,27,34,38,57,0,136,9539
10,22,24,38,39,49,1,81,6823
4,5,7,21,45,53,0,107,7833
33,43,49,50,56,59,0,28,1825
2,27,32,41,47,58,0,76,4576
11,22,36,40,45,52,0,77,6419
3,5,14,35,43,52,0,158,12451
20,26,32,41,45,57,1,130,9306
26,29,34,38,50,60,0,36,2795
4,20,24,35,47,59,0,92,5701
1,7,30,43,44,54,0,81,6412
4,29,44,47,48,60,0,140,9659
6,18,24,27,56,59,1,244,16339
1,2,11,13,36,49,0,99,7430
9,10,23,33,44,51,1,110,6257
8,23,28,30,32,51,0,112,6874
19,26,33,35,51,52,0,90,8474
1,5,24,47,55,56,0,144,11489
1,2,38,41,42,58,0,143,9363
16,29,34,35,49,51,2,228,13321
2,6,18,23,31,46,2,253,12809
23,29,30,33,46,51,0,47,4951
3,23,42,43,47,60,0,53,5355
16,19,20,28,37,60,0,60,5152
10,13,16,22,34,60,0,92,8884
8,18,21,31,37,38,0,137,8400
19,23,34,40,41,58,0,126,10700
12,17,23,38,53,54,1,259,20655
15,16,18,20,22,48,0,98,5545
24,33,38,42,44,54,0,99,7522
17,23,29,38,57,60,0,133,10962
8,27,35,38,41,44,0,145,12024
7,24,26,28,44,57,0,391,22215
1,21,22,27,32,45,0,134,12071
7,16,33,42,50,58,0,249,19592
7,24,28,46,53,56,2,704,39616
4,6,11,43,54,56,0,55,5037
7,10,14,37,45,54,1,170,9969
7,11,19,23,40,49,1,110,7011
4,10,20,33,37,49,0,95,6810
8,17,34,38,42,51,1,218,11526
13,16,27,43,48,58,0,70,6712
10,14,25,29,33,57,2,160,8641
18,20,27,40,49,55,0,28,3524
8,21,23,29,36,48,1,131,8211
1,5,11,16,20,56,4,2581,168546
1,2,23,27,45,51,0,82,5042
7,12,24,44,51,56,1,143,7934
5,40,47,52,55,57,0,42,3171
28,29,31,45,48,49,0,54,3941
1,17,19,30,33,47,0,132,10142
21,27,31,45,55,56,0,71,5343
1,3,5,10,20,42,1,566,28440
5,10,23,24,35,47,0,97,7613
22,30,42,50,58,59,0,49,2994
3,18,34,35,36,56,1,139,10903
1,2,11,37,48,51,0,46,4406
10,15,28,33,51,52,2,154,7597
9,11,17,19,35,52,0,111,6955
1,2,27,28,46,47,1,35,3289
23,37,38,46,47,51,1,298,5821
1,6,8,11,33,50,1,90,6663
7,13,35,37,39,51,0,201,8761
4,12,32,33,34,48,1,80,6925
9,12,18,31,39,50,0,49,4143
3,18,31,39,46,51,0,134,7584
9,14,37,44,46,55,3,117,8999
15,24,37,46,49,58,1,75,4522
18,23,30,32,42,56,0,47,4355
2,5,13,27,41,53,2,185,9634
21,24,26,35,45,53,0,63,5708
1,10,24,39,45,58,0,145,9387
11,13,14,27,44,56,0,180,12447
5,15,18,19,21,38,0,178,13997
20,29,34,37,45,57,1,348,10854
24,36,38,43,44,58,0,128,8910
1,12,17,31,37,46,1,135,9824
8,23,30,51,53,58,0,62,3593
11,13,24,28,44,45,0,132,8869
1,6,10,30,33,38,0,189,9424
15,18,41,48,50,58,1,65,5380
3,9,18,32,40,56,1,59,3328
17,19,33,35,39,52,1,139,5963
3,23,26,35,39,49,0,75,4451
1,7,11,32,51,59,0,74,6399
25,27,29,37,50,51,0,60,6095
12,31,34,36,48,56,1,136,10756
7,16,20,27,36,52,0,65,4048
17,29,32,38,45,50,0,72,4174
7,19,30,35,42,47,0,102,6499
7,21,28,56,58,59,0,90,6845
22,26,38,39,45,50,0,85,6112
2,12,19,29,50,59,0,169,9443
3,10,16,23,27,29,2,388,21476
2,8,24,36,51,52,0,106,5421
16,20,35,40,53,60,0,58,4649
2,25,36,41,42,53,1,62,5896
2,9,16,37,44,58,0,122,4934
4,30,31,32,47,53,0,49,3197
1,22,31,34,44,54,0,45,3009
18,23,31,39,49,57,0,47,3410
4,12,19,33,36,38,1,188,9668
9,23,39,41,49,58,0,33,2640
14,27,30,46,52,60,0,54,3169
27,33,37,39,58,60,0,53,4281
16,18,26,30,31,34,0,51,5054
3,10,42,49,54,57,0,111,7581
4,6,19,20,40,41,1,122,8814
3,8,28,39,42,59,0,45,3617
7,14,23,43,44,53,0,39,2553
1,10,17,24,42,51,2,195,10089
5,18,27,43,49,59,0,68,4160
25,34,38,45,53,60,1,73,3177
3,5,9,14,41,46,1,63,4818
12,17,25,29,41,52,0,64,3315
6,16,33,34,45,46,0,86,4779
12,13,24,29,32,41,0,105,6581
5,8,42,50,51,59,0,73,5770
12,28,37,46,48,53,1,96,6889
9,10,17,32,34,46,0,51,4020
10,15,25,38,47,53,0,62,4599
15,18,20,32,48,49,1,82,6448
11,19,21,23,27,52,0,83,4483
4,10,29,31,34,35,0,40,3955
9,12,14,29,42,56,0,96,5272
9,13,18,47,52,60,0,128,6976
6,18,37,40,41,58,0,106,5849
6,33,34,48,53,59,2,93,8700
2,10,13,41,49,53,0,76,3731
3,13,14,29,33,43,0,78,7101
15,17,20,31,41,48,0,23,1865
15,22,23,42,51,57,0,47,4580
9,36,37,53,55,60,0,70,5668
8,15,29,35,45,54,1,149,8929
20,27,30,31,40,53,0,22,1958
2,5,8,18,30,48,0,123,8784
6,13,14,28,35,45,0,134,10310
13,25,28,37,43,56,0,311,11196
6,11,16,23,36,42,0,230,13800
2,14,21,22,51,60,0,70,5957
10,24,25,36,47,48,0,206,14689
9,10,36,50,53,55,0,176,17821
26,32,42,45,55,59,0,219,18595
9,12,15,21,31,36,0,689,43184
6,7,29,39,41,55,1,401,33850
1,6,28,37,56,58,0,185,9138
22,23,41,46,53,60,0,70,7088
16,26,35,39,44,45,0,84,7608
5,7,11,34,35,50,0,156,12402
32,37,44,47,54,60,0,105,7782
11,26,27,30,34,41,0,110,8861
2,20,27,28,32,38,0,123,10330
12,19,27,39,41,45,2,244,13112
15,30,39,41,45,59,0,36,2312
1,12,20,30,52,60,0,37,2707
2,18,31,42,51,56,6,827,62767
10,11,14,19,39,48,0,17,1051
4,19,38,44,52,55,0,62,3484
4,10,38,40,45,48,0,37,3457
12,25,30,39,56,57,0,30,2162
6,20,22,31,33,34,0,30,3095
1,8,22,49,52,53,2,54,3941
6,18,34,47,52,57,0,110,3430
4,6,16,18,21,38,0,67,4886
4,15,26,30,54,55,0,32,2896
5,11,27,41,42,54,0,91,6410
2,6,8,21,25,34,0,76,5065
1,5,13,25,26,29,2,167,8897
3,13,42,45,56,59,0,41,3508
6,25,43,57,58,59,0,16,1574
11,13,26,27,28,50,0,72,5672
12,18,46,50,53,55,0,36,3703
2,16,17,18,41,47,0,85,6593
13,14,22,54,56,58,1,80,5158
1,5,34,37,40,60,1,64,3568
30,42,47,50,55,58,0,48,2549
22,23,34,48,53,54,1,48,4783
2,13,14,35,54,57,0,32,2516
2,9,23,28,45,53,0,88,4315
1,3,4,39,51,53,0,39,3102
6,11,16,19,31,56,1,96,5710
6,19,34,43,45,54,0,82,3265
2,6,13,14,17,44,0,99,6229
4,8,29,38,49,50,0,35,2641
20,21,28,48,50,59,0,23,2088
17,22,27,31,49,57,0,53,4693
11,20,35,42,55,58,0,86,5047
1,15,16,22,25,43,0,94,7609
2,14,20,25,41,45,0,141,9208
9,12,23,24,46,54,0,188,13704
1,10,25,43,50,56,1,266,14324
5,17,32,35,37,57,0,82,4309
20,23,32,34,37,45,0,43,2976
9,11,13,15,19,51,0,209,9346
9,11,27,46,51,53,0,51,3473
8,11,25,39,41,60,3,84,4553
5,10,12,22,28,46,0,112,6085
1,4,26,39,47,55,0,49,3620
2,6,10,15,53,56,0,98,6394
17,18,26,30,33,37,0,30,4092
3,19,23,27,40,45,0,182,9333
19,22,31,36,52,53,2,84,6145
1,22,26,43,50,53,0,23,1885
4,9,21,34,54,59,0,70,4110
5,6,12,19,30,60,0,157,8192
10,11,21,50,51,54,1,41,3176
17,19,32,43,48,51,0,42,2476
26,33,42,43,53,54,0,44,2487
6,11,32,40,48,59,0,36,2502
7,13,24,30,32,53,0,103,6254
3,7,29,37,54,60,1,100,6640
15,27,28,32,48,55,1,71,3168
14,34,46,47,56,57,0,31,1786
2,3,7,16,27,42,0,105,6930
2,17,22,24,48,51,1,100,5132
8,28,36,47,50,58,0,41,3133
8,15,18,45,59,60,0,46,2948
41,44,48,50,54,57,0,32,2346
5,8,24,30,57,59,1,115,5293
7,22,28,32,56,58,0,30,2933
15,17,33,41,47,48,0,59,4879
3,6,13,38,49,51,0,81,6170
16,18,22,24,34,43,1,100,6722
8,26,28,33,41,54,1,51,3046
3,4,37,39,48,50,0,21,2121
3,9,13,29,30,51,0,75,4312
6,24,26,30,34,49,0,49,3189
1,6,45,49,50,57,0,44,3678
9,40,41,50,55,58,0,46,3330
3,5,11,27,35,44,0,194,11341
23,24,32,38,40,41,1,81,5935
8,18,21,22,35,37,0,40,3146
13,17,29,45,49,50,0,83,4187
1,2,34,39,41,45,1,28,2780
25,30,31,34,43,59,0,18,1548
6,10,15,24,38,39,0,55,4074
2,9,14,22,32,37,0,122,7199
13,23,25,35,52,53,0,198,5600
22,28,30,33,55,59,0,53,3799
1,13,14,21,26,51,0,88,6049
10,30,36,40,44,60,1,109,11392
2,4,9,35,45,60,0,41,3181
2,8,35,42,49,56,2,99,4549
16,23,45,56,58,59,0,31,2542
4,5,14,37,40,60,0,43,3530
1,5,31,32,37,42,0,38,3936
14,17,36,38,44,60,0,129,6185
3,10,17,21,22,43,0,96,6158
1,5,23,25,28,31,0,181,7846
11,23,24,26,40,52,0,66,4827
18,20,30,32,33,40,0,98,7040
3,11,17,33,52,58,1,275,15560
11,13,25,39,46,56,0,25,2790
5,25,28,41,53,54,0,27,3152
10,28,37,43,44,47,0,16,1933
1,45,47,52,53,55,1,45,2828
7,18,39,41,44,51,0,23,2308
13,16,23,24,32,35,0,90,4306
12,16,26,40,56,57,0,36,2981
5,10,20,57,58,59,1,103,4610
5,16,19,37,51,56,0,65,5045
3,10,30,44,53,56,1,44,4024
9,10,19,35,37,41,0,25,3054
16,27,28,47,59,60,0,30,2896
1,4,23,32,38,59,0,47,3839
7,14,18,23,32,59,0,88,6170
3,7,15,40,45,54,0,72,6962
11,23,34,41,46,56,0,54,3496
1,10,17,18,45,48,2,113,7195
16,23,25,28,30,44,0,49,3138
5,11,22,24,51,53,6,1665,124889
1,3,19,23,47,58,0,46,3488
6,17,22,30,37,50,0,31,2623
16,17,19,28,45,58,0,44,3162
21,31,35,53,54,57,0,37,2761
2,3,5,10,15,34,0,175,10199
3,6,14,15,21,25,1,133,7692
9,22,25,47,52,58,0,46,2873
12,34,45,53,55,58,0,32,2722
20,23,35,36,44,48,0,39,3023
8,11,27,28,43,46,0,87,5573
11,12,26,30,37,53,0,60,4645
2,7,9,18,21,25,3,367,13764
9,10,15,28,43,45,0,41,3205
12,15,18,21,51,56,0,82,4003
29,35,43,54,56,57,0,22,2351
6,27,33,39,40,60,0,54,3833
3,25,35,38,44,48,0,55,4353
4,10,13,23,27,57,0,95,5839
11,40,43,45,47,57,0,27,4423
6,9,15,22,39,48,1,219,10816
16,18,23,30,32,33,0,42,2817
10,13,33,35,36,42,1,43,4556
4,14,17,43,52,56,0,43,2960
16,29,33,39,42,44,1,27,2403
2,20,21,33,48,57,0,39,3429
3,9,18,23,50,52,0,100,5478
4,21,25,33,36,46,0,70,5412
16,17,20,22,38,50,0,67,5269
11,28,37,45,54,60,0,67,5858
25,31,33,39,43,45,0,90,6586
10,15,16,19,28,35,0,127,9277
20,22,36,38,41,43,0,124,8817
9,34,42,45,46,59,0,110,9351
12,16,30,52,53,58,1,188,11382
1,17,38,43,45,47,0,50,5258
2,3,14,20,30,46,1,95,6741
5,11,13,19,30,31,1,140,7385
10,26,28,51,53,59,0,28,1630
3,10,23,36,43,52,0,45,3225
4,17,18,37,52,56,0,50,4712
2,8,9,15,22,34,0,131,8918
10,16,21,29,44,55,0,72,5449
2,14,15,19,35,59,0,86,6417
8,23,35,39,56,59,0,105,6699
1,3,10,17,23,24,3,497,18964
3,12,24,40,51,52,0,43,2686
6,10,24,29,43,55,1,71,4055
10,16,32,40,42,54,0,24,2220
7,24,29,39,45,52,0,59,3620
9,13,16,17,36,47,0,95,6468
1,9,24,38,48,49,1,63,4313
6,18,20,24,43,48,0,56,4126
9,11,12,30,39,43,0,23,2870
8,9,39,47,57,59,0,41,2879
4,8,10,21,45,54,0,50,4258
4,6,39,44,52,60,0,40,3729
8,33,40,52,55,59,0,63,4250
12,20,24,28,33,57,0,100,7199
1,6,14,22,30,56,0,130,8455
10,21,32,34,48,57,0,88,7215
14,16,19,21,33,55,0,209,13551
9,21,36,38,52,53,0,180,13017
9,26,29,42,43,45,1,237,16988
9,25,33,35,40,49,0,32,2483
15,27,33,36,41,45,0,147,7391
5,8,20,28,40,45,0,74,5000
2,14,22,23,29,47,1,98,8329
15,20,22,24,34,55,0,32,2670
8,21,27,35,43,56,0,94,4639
1,18,25,37,39,43,0,116,6655
17,25,26,30,32,50,0,55,4505
5,6,15,25,39,53,0,86,6431
4,5,7,34,42,60,0,80,6686
2,27,32,36,48,50,0,119,7880
26,28,35,38,48,55,1,98,6377
10,13,19,32,40,60,0,29,2758
13,30,32,39,46,54,0,43,3175
35,36,39,44,48,52,0,48,3782
8,20,30,32,48,59,0,20,1999
5,10,18,24,39,52,0,87,6153
4,10,41,44,52,54,0,39,4001
9,16,20,54,57,59,0,85,5317
1,12,16,17,52,60,0,110,7294
4,19,27,38,54,57,1,141,8994
8,11,24,26,47,57,1,76,5845
12,14,19,25,52,59,0,62,3551
3,16,28,32,34,37,1,91,4723
2,6,22,44,55,57,0,29,2089
22,23,29,32,38,45,1,32,2677
12,16,17,18,34,37,0,77,4689
6,15,19,37,39,53,0,85,5215
4,14,20,24,46,50,1,45,4144
5,6,10,14,22,36,1,73,4884
21,29,32,35,43,50,0,13,1743
9,28,29,34,36,55,0,36,2503
23,36,43,44,55,56,0,41,3164
10,14,31,34,45,58,0,59,3920
5,10,39,42,46,54,0,87,5711
15,22,30,32,40,58,0,47,3280
11,24,26,34,37,59,0,78,5852
19,20,28,34,36,44,0,80,6152
5,11,13,21,53,54,2,142,11405
6,17,33,48,50,57,0,39,3063
2,5,12,32,40,44,0,51,3686
14,26,29,35,37,39,0,66,4840
7,20,21,24,40,56,0,144,4933
1,7,14,31,35,46,0,86,6280
8,21,24,25,52,57,0,61,4810
15,37,38,42,49,50,0,73,4434
3,6,10,17,34,37,17,4862,173428
20,22,36,42,52,60,0,12,1214
4,28,30,38,46,59,0,24,2214
28,34,40,43,50,51,0,16,1865
1,5,14,23,35,45,3,79,6444
11,19,22,33,34,53,0,44,4052
1,9,14,20,25,54,0,71,5500
4,14,39,41,54,58,0,42,3340
22,27,33,42,58,59,0,49,4215
1,37,44,46,48,50,0,46,3665
8,10,18,34,39,56,0,106,7436
2,28,32,35,54,58,0,119,5949
8,11,27,35,36,51,0,107,6828
6,23,30,36,53,56,0,159,8465
16,32,40,46,53,56,0,46,4140
17,18,27,32,39,58,1,130,12558
4,11,17,18,21,48,0,64,4543
2,10,11,24,38,56,0,123,6125
11,22,25,27,55,59,0,83,4661
23,41,46,52,54,59,0,54,4043
2,36,46,48,57,60,0,46,4530
7,14,32,37,40,60,0,101,6982
4,28,45,48,52,60,0,79,6343
1,6,7,8,23,56,2,217,13622
16,20,23,29,35,47,0,45,3221
4,24,46,52,55,56,0,53,3730
10,23,31,33,51,52,0,105,6365
11,15,29,37,39,44,0,76,4916
7,11,24,36,42,58,4,261,9867
6,15,18,33,37,40,0,78,4398
4,27,38,40,58,59,1,63,4017
18,23,37,39,50,55,0,48,3252
6,14,19,20,39,53,0,27,2075
10,18,33,38,40,43,1,27,3644
6,7,13,17,22,56,1,89,5597
30,35,36,38,49,52,0,37,2668
7,8,19,23,27,58,0,91,6675
14,16,23,30,45,60,0,48,4609
6,25,26,35,38,40,0,28,2768
6,12,22,28,31,44,0,91,6415
6,9,41,54,56,58,0,67,5680
10,12,22,25,42,54,1,120,9310
14,22,29,32,33,35,0,47,3018
21,38,53,56,57,58,0,19,2258
7,14,47,54,56,60,0,49,3612
15,25,27,45,46,50,1,70,3921
3,6,11,27,28,46,0,80,4630
1,18,19,29,44,54,0,30,2390
10,19,26,35,38,39,0,36,3611
10,19,27,31,51,53,0,49,4216
8,31,32,33,38,50,0,34,3540
1,5,6,37,44,53,0,46,5251
50,51,56,57,58,59,4,152,4816
12,22,27,37,40,55,0,17,1582
4,7,12,22,26,39,0,80,5237
6,25,35,43,46,53,0,41,2209
18,22,29,34,36,47,0,80,4927
10,13,20,37,38,54,0,42,4086
4,19,23,29,56,59,0,81,5435
4,5,36,40,44,56,0,77,5562
8,9,11,25,39,41,0,186,8570
33,36,40,44,45,54,0,93,6899
8,10,15,23,25,34,1,192,13804
6,10,19,24,25,29,0,94,5511
10,14,36,53,55,60,0,68,3311
4,11,20,30,37,43,0,74,4900
6,25,27,35,45,55,1,104,7345
2,11,13,26,32,59,0,57,3828
3,5,9,40,42,47,0,46,2466
3,17,34,35,40,48,0,48,3638
5,26,27,34,42,48,0,84,5654
24,33,34,35,46,60,0,33,3760
10,12,13,20,22,54,0,135,8860
12,15,18,30,52,55,0,80,5335
8,18,23,37,42,58,2,172,8812
7,9,23,33,57,59,0,98,5737
5,6,12,15,22,43,0,86,5364
13,16,26,35,37,39,1,117,6080
2,11,15,30,36,39,0,26,2715
1,2,14,37,55,58,0,23,1681
10,22,40,46,55,58,0,38,2892
13,18,35,40,41,42,1,128,4287
6,25,33,42,48,49,1,32,2640
1,18,19,33,56,60,0,80,3935
7,20,26,37,38,39,0,48,2667
12,21,25,37,38,49,0,64,4786
4,35,43,46,47,53,0,33,4355
2,18,19,23,34,53,1,52,4898
3,14,24,27,38,56,1,56,3262
5,10,32,38,48,49,0,29,2665
8,11,18,37,40,51,0,43,2659
10,11,12,37,38,59,1,75,3855
11,13,15,17,22,27,0,175,6609
8,14,27,34,52,54,0,46,3177
4,16,19,31,33,44,0,66,4528
16,29,35,43,49,56,0,78,4637
6,11,13,19,24,51,0,185,10842
9,24,28,45,49,51,0,113,6422
2,8,18,27,38,60,0,85,6551
5,15,20,27,30,58,0,97,7549
1,10,11,13,35,49,1,266,15540
2,8,18,37,56,58,0,61,3852
4,6,17,34,51,57,0,77,4557
3,13,40,44,46,50,0,40,2226
2,10,12,27,45,56,0,79,5762
11,13,16,24,31,46,0,106,6029
3,27,36,39,40,43,0,82,5610
8,38,44,50,56,60,0,72,5454
19,22,29,41,44,59,0,58,4051
4,12,16,34,44,49,0,125,7480
5,10,12,18,25,33,52,7688,303857
1,41,44,46,54,58,0,4,689
17,39,43,46,52,53,0,34,2547
11,14,21,25,46,50,0,30,2752
17,25,30,35,42,57,0,70,4376
4,19,27,35,40,44,0,75,4470
1,9,19,21,34,54,0,91,5468
4,28,29,30,43,52,0,44,4036
11,12,20,40,41,46,1,58,4135
19,21,26,31,42,49,0,46,2569
13,20,24,25,38,41,0,61,3897
8,10,17,29,37,40,1,82,5493
3,11,15,21,27,49,0,92,4938
14,15,47,50,56,59,0,28,2301
2,11,20,31,43,47,0,41,3660
1,31,44,46,53,58,0,55,4090
7,12,24,27,39,58,0,130,8139
1,7,28,30,44,46,0,76,6182
11,16,24,46,54,55,0,47,4353
6,12,31,32,46,60,0,50,5113
13,16,36,53,54,55,0,101,7900
2,3,6,18,20,28,1,414,16733
5,18,30,35,39,60,0,41,2912
19,20,26,51,52,57,0,32,2790
6,21,34,46,54,59,0,60,4157
9,23,28,40,48,59,1,50,4546
1,8,11,22,30,35,0,63,4209
1,2,11,12,34,49,0,45,4488
4,13,14,21,30,34,0,59,4532
14,23,29,41,57,58,0,65,3441
17,20,26,36,42,54,0,66,5044
10,11,17,19,37,41,0,117,8868
7,40,44,50,52,57,0,65,5028
2,12,35,51,57,58,0,81,6545
7,16,21,33,55,60,0,188,10251
6,8,28,51,53,59,0,115,10504
16,18,31,39,42,44,0,283,15338
17,19,37,41,42,49,0,366,28045
8,15,32,33,58,59,0,296,21684
21,23,37,44,46,48,0,496,32880
23,24,26,38,42,49,1,838,56994
2,14,18,29,36,38,0,80,5236
26,29,36,49,50,59,0,28,2420
8,13,28,31,32,33,1,127,6356
7,25,41,47,50,53,0,36,2951
2,6,27,37,44,47,0,91,6630
1,6,23,26,39,49,0,91,7556
31,33,34,35,39,48,0,188,8779
9,27,35,45,46,59,0,109,8855
14,26,35,38,45,53,0,170,9781
1,19,46,47,49,53,0,116,9486
8,9,10,24,42,44,1,255,15769
11,16,22,30,34,42,0,35,2763
8,18,20,24,36,45,0,75,4758
16,17,25,47,48,58,0,51,3431
5,37,43,49,54,56,1,113,8189
3,19,34,44,56,58,0,44,3749
27,37,38,43,45,54,0,37,1971
1,4,25,27,29,37,1,66,4054
7,34,45,51,54,59,0,18,2145
10,21,24,36,38,51,0,79,4697
12,13,19,36,44,55,1,118,7127
9,24,28,37,43,57,0,73,3356
2,9,42,44,48,50,0,51,3884
10,15,34,36,56,60,0,52,3892
7,25,32,43,53,55,0,73,5485
8,23,25,39,43,44,1,61,4688
9,11,14,31,48,51,0,49,2338
2,16,21,42,50,56,0,25,2304
2,13,24,35,50,54,0,55,4563
10,12,16,21,28,38,0,95,6869
1,8,19,33,36,48,0,138,8329
19,22,39,46,47,59,0,66,5179
13,26,30,34,43,51,0,74,6087
15,36,45,51,52,59,0,64,5158
9,18,19,22,42,47,0,115,9835
12,18,19,27,41,46,0,131,11409
10,11,16,21,46,50,0,124,10072
2,17,21,28,51,60,0,154,13387
4,11,16,22,29,33,1,406,24366
5,9,20,25,35,53,0,94,6835
4,8,26,33,46,53,1,104,5272
7,16,37,53,57,59,0,38,2635
7,8,22,27,29,42,1,55,4664
8,16,20,21,31,34,0,38,2925
14,24,32,38,46,53,0,107,6144
1,25,27,28,41,56,0,58,4166
3,11,29,35,44,57,0,150,7727
1,11,34,36,44,56,1,47,4402
15,23,30,35,38,44,0,29,3056
11,15,28,36,43,55,0,52,3371
3,13,23,41,49,53,0,60,5425
11,29,37,38,43,60,0,48,3717
17,34,46,49,50,57,0,57,4811
1,28,29,32,35,56,0,76,5847
12,21,28,37,42,57,1,112,6318
6,27,38,42,45,57,0,51,3495
6,10,11,43,53,55,0,39,2736
16,25,30,40,45,49,0,17,1708
22,25,28,32,33,47,0,49,3746
11,17,24,25,33,34,0,81,5910
27,36,40,41,44,54,0,52,3681
23,26,51,52,53,58,0,61,5215
5,7,10,32,46,60,1,96,7360
4,10,18,30,34,47,0,44,3223
1,19,21,23,33,43,0,48,4092
10,24,42,43,48,49,0,49,4361
10,14,16,30,32,36,0,51,3258
6,16,22,38,48,52,1,42,3345
8,28,36,45,57,59,0,26,2235
3,35,38,40,57,58,4,1031,77055
5,23,34,45,56,57,0,101,3669
13,14,29,30,48,59,0,29,1969
2,26,40,42,49,56,0,45,2702
16,23,32,50,52,58,0,28,2283
1,32,37,44,46,47,0,34,3100
2,4,7,16,30,38,0,43,3798
6,9,12,27,32,57,0,92,5732
9,19,23,32,39,45,0,85,5562
6,11,29,40,41,58,0,64,4315
7,17,26,39,56,60,0,75,6440
4,13,25,40,53,57,0,127,8326
7,8,31,34,38,47,0,111,8685
4,6,32,35,41,45,0,89,8107
4,21,27,29,42,47,0,216,13800
14,18,30,35,55,57,0,133,11895
7,20,38,43,45,53,0,190,14982
11,20,27,28,53,60,2,263,15054
11,36,45,55,57,58,0,14,1679
7,27,31,39,45,46,0,29,3057
7,9,10,19,25,58,2,143,10345
1,13,18,26,40,56,0,33,1575
5,9,18,24,25,42,0,89,4514
14,18,28,35,38,54,0,45,3079
3,5,11,34,37,42,1,77,4706
11,14,15,18,33,34,1,51,3048
5,9,24,27,33,46,0,51,2227
1,42,44,47,48,53,0,10,908
9,15,20,29,30,42,1,29,1618
4,9,31,47,49,53,0,27,1782
27,33,39,52,57,58,0,27,2385
5,15,22,26,54,58,0,29,2222
1,17,30,37,46,50,0,20,1723
31,32,33,39,52,55,0,26,2224
4,9,24,44,47,56,0,55,3561
15,20,39,41,49,57,0,25,2144
9,10,30,37,47,54,0,45,3334
18,21,30,31,34,51,0,32,2791
1,5,7,14,23,26,0,113,6772
20,27,41,54,56,58,0,31,3356
12,14,34,35,37,47,0,91,6688
7,23,26,27,29,51,0,141,10502
7,8,14,23,30,46,1,198,12850
9,24,33,43,49,57,0,36,2492
2,3,8,19,29,37,0,73,4354
14,20,23,39,46,50,0,50,2926
10,23,31,37,58,59,0,50,4167
20,32,33,48,49,53,1,33,4064
4,13,23,28,30,52,0,48,2953
1,11,14,23,29,55,0,47,3225
14,16,38,39,41,48,0,53,2707
6,10,27,28,41,52,0,50,4150
2,5,11,24,41,49,0,71,5667
15,16,20,38,40,58,1,48,3830
8,11,17,33,40,55,0,62,2996
2,4,25,36,50,53,0,51,3212
5,15,18,27,49,57,0,75,5403
10,22,23,37,53,60,0,89,5597
8,17,34,37,43,45,0,98,6533
5,12,14,20,27,28,1,120,6212
28,29,31,50,58,59,0,20,1639
14,27,35,40,50,55,0,43,2462
12,27,30,36,45,52,1,44,3467
4,24,37,43,59,60,0,41,2615
4,10,12,14,36,46,0,43,3278
1,7,10,12,33,42,2,160,7967
9,21,30,41,42,43,0,28,1649
2,4,6,29,41,56,0,45,3261
2,26,35,39,40,56,0,16,1545
6,9,34,37,38,45,0,33,2808
5,18,36,44,57,60,0,96,4532
12,26,31,36,37,49,0,37,3269
6,16,18,33,42,57,0,94,5865
1,2,10,37,42,48,0,69,5498
9,15,20,33,41,43,0,49,5779
6,13,26,28,35,41,0,162,9693
1,6,21,29,36,59,2,166,8642
20,22,35,40,41,59,0,14,1200
13,17,21,31,41,49,0,46,3133
2,3,19,40,44,60,0,22,1903
9,21,37,39,43,54,0,76,3877
17,18,35,36,47,52,0,66,4333
18,22,25,27,43,44,0,126,6684
3,7,17,20,48,50,0,145,8431
12,21,29,54,56,57,0,90,5934
7,16,22,38,55,57,0,124,9225
3,19,28,33,57,58,1,258,15713
16,33,38,46,53,55,0,45,2828
9,13,26,38,58,60,1,57,3408
9,11,29,30,33,60,0,38,3092
13,17,28,29,42,53,0,52,3573
3,5,9,35,43,60,0,58,5162
3,27,39,46,47,60,0,43,3773
3,20,26,45,49,58,0,66,5055
6,7,28,42,45,49,1,105,7551
1,10,17,26,30,53,0,55,3898
2,11,43,49,52,56,0,56,3984
3,8,30,33,35,48,0,132,7472
28,44,52,54,58,60,0,59,5014
6,17,25,35,40,49,0,51,5009
6,30,35,39,42,48,1,92,6334
14,25,28,41,43,46,1,40,2494
2,5,10,29,34,41,0,65,3753
20,27,35,39,50,59,0,29,1825
2,16,19,31,43,60,0,43,3451
33,34,37,46,52,60,0,27,2233
10,16,27,34,36,57,0,55,3883
30,37,45,54,57,58,0,47,3521
8,11,14,39,48,53,0,67,5059
12,14,28,42,45,55,2,93,6837
17,20,22,35,41,42,2,1384,105342
11,13,16,36,53,57,0,10,808
12,33,35,36,44,52,0,32,2688
9,16,31,41,53,55,0,16,1994
4,13,20,22,25,60,1,66,4609
9,18,23,42,47,49,0,91,5286
8,10,20,27,28,50,0,75,4701
2,9,34,49,51,55,1,84,4321
8,21,23,34,42,47,0,22,1692
4,18,29,47,48,59,0,19,1746
16,21,28,41,49,51,0,24,2408
4,9,31,32,42,46,1,59,3548
17,20,24,27,40,60,0,35,2233
4,31,42,45,49,56,0,24,2507
11,17,25,38,52,57,0,59,4548
7,16,19,22,28,55,0,75,4970
3,4,11,40,42,58,0,53,4812
8,9,17,30,58,60,0,74,5504
2,3,7,48,51,54,1,107,6601
5,10,25,32,49,54,1,59,3150
25,28,29,34,41,45,0,40,2828
19,22,35,41,47,49,0,72,4604
9,17,38,41,49,55,0,102,5124
3,19,34,41,48,53,0,71,5457
6,18,25,30,42,54,2,169,6593
7,30,31,41,50,56,0,29,2014
3,10,25,36,51,58,1,100,5821
19,28,30,34,40,51,0,18,1287
5,9,11,16,43,57,0,66,3627
31,32,39,42,43,51,0,17,1053
10,15,21,24,29,45,0,36,3646
14,21,22,29,35,46,0,61,3782
3,20,22,32,35,50,0,41,3883
6,14,24,34,39,58,1,77,5169
20,33,42,44,51,56,0,180,1719
1,17,28,37,44,50,0,40,2940
4,27,33,35,38,41,0,76,4869
5,23,29,34,53,60,0,63,4551
4,7,13,25,36,58,1,152,7476
4,9,17,19,37,60,0,47,3447
7,31,37,42,44,56,0,29,3835
4,15,30,36,39,48,0,53,3480
3,19,25,44,46,57,0,128,7636
23,24,26,44,49,60,0,72,5432
12,13,25,37,39,41,0,125,8177
2,6,44,46,53,58,0,144,8909
12,14,17,18,19,22,2,433,19908
5,18,29,35,43,44,0,35,2890
11,37,38,41,49,54,0,33,2518
2,8,26,32,46,56,0,72,4222
11,16,20,24,39,53,1,59,5566
7,23,32,41,42,47,0,37,2458
6,9,19,38,53,55,1,52,4044
13,15,16,20,40,41,1,47,2151
9,13,22,25,26,31,0,57,3781
12,24,32,37,43,60,0,32,2340
11,13,16,35,49,50,0,44,3087
8,26,30,31,38,48,0,30,3038
8,30,33,37,45,48,0,83,5329
16,30,37,39,40,51,0,57,3887
9,13,20,22,32,56,0,102,7787
5,8,13,27,36,50,1,192,13379
11,15,23,25,34,53,0,31,2525
26,27,28,32,38,51,0,28,2368
5,16,25,36,42,44,0,48,4144
4,11,12,44,45,57,0,72,6026
2,3,25,39,42,49,0,49,5934
6,14,20,39,46,48,0,79,6058
8,17,30,36,54,59,1,78,5421
27,35,42,44,51,52,0,34,1706
9,21,25,26,36,53,0,52,3623
8,11,13,33,38,48,0,128,8020
6,22,25,29,30,60,1,128,6285
10,12,14,32,33,34,0,65,2793
1,19,35,40,47,54,0,43,2492
21,38,48,49,53,59,0,18,2630
8,12,29,43,54,60,0,64,5120
13,17,31,43,54,55,0,45,4411
4,29,30,38,43,57,1,65,4828
2,29,39,49,52,58,0,23,1364
7,10,27,35,43,59,2,93,5939
7,26,29,34,43,44,0,35,2517
9,16,34,36,49,60,0,37,3285
3,22,37,40,41,48,0,12,1759
4,5,6,14,29,38,0,39,3415
10,12,26,29,35,60,0,61,4773
6,7,11,26,37,57,1,86,5658
3,7,10,11,27,46,0,131,7708
2,11,19,27,57,60,0,80,3919
10,35,43,48,50,53,1,31,3078
5,8,29,39,44,60,0,18,2198
2,3,32,35,48,57,0,49,3678
2,7,10,20,30,46,0,110,6942
16,18,38,48,51,60,0,40,3295
3,16,17,37,38,53,0,101,6968
10,31,38,46,49,54,0,75,5048
5,11,24,27,32,57,0,249,15271
3,19,25,37,44,56,5,680,19557
3,9,25,28,29,39,0,50,4168
11,37,53,55,56,60,0,31,2462
19,26,39,45,46,56,1,37,4109
8,11,22,25,26,36,0,46,2988
7,29,38,40,44,52,0,21,2572
8,9,32,52,53,57,0,31,2625
1,2,14,28,40,51,0,37,3663
5,22,30,32,33,36,0,46,3051
5,15,28,32,38,54,1,65,4285
1,19,41,46,48,55,0,16,1416
4,11,19,25,37,55,1,99,5073
2,8,34,38,47,51,0,46,3008
12,15,23,32,33,46,2,1712,143494
9,41,42,46,47,54,0,18,1588
2,7,9,25,41,49,0,63,4651
1,5,12,13,17,31,2,161,8131
15,17,20,35,37,43,0,58,3161
11,25,32,37,47,56,0,63,3802
1,13,27,41,51,58,0,74,4344
13,19,29,42,49,52,0,42,3080
18,30,32,35,40,48,0,53,3529
14,20,21,31,49,52,1,65,3771
2,6,11,15,17,39,0,94,5633
13,26,31,46,51,60,1,60,4536
8,10,51,56,57,58,0,23,2117
10,14,15,24,34,44,0,63,3892
9,14,22,24,44,47,0,49,4523
21,38,50,53,56,59,0,44,3811
28,34,40,41,52,55,0,31,2581
10,19,46,47,49,50,0,51,4414
15,40,44,45,47,51,0,79,5279
15,24,33,49,53,59,0,84,6200
16,17,18,28,35,47,0,155,11542
8,11,16,21,32,37,0,278,17238
3,16,23,41,45,57,0,294,19576
11,16,31,37,42,51,0,281,20541
2,7,24,43,52,56,2,496,31802
3,8,23,29,53,54,0,160,11384
2,3,13,20,53,54,0,156,10583
1,10,19,34,35,45,0,168,11371
22,35,41,42,53,57,1,267,20734
5,28,30,38,52,55,0,34,2246
8,33,40,42,48,51,0,81,6197
8,23,29,30,36,55,0,95,7346
5,13,18,23,35,36,1,233,14583
15,18,28,42,55,60,0,23,2630
22,30,38,39,49,56,0,27,2372
1,40,44,45,58,60,0,44,3054
2,7,32,46,49,55,0,72,4799
20,33,37,38,49,50,0,45,4787
2,17,23,28,39,46,1,196,10963
10,15,17,20,21,35,1,90,5989
4,6,9,31,50,56,0,74,4757
1,8,21,27,36,37,0,72,5710
1,32,35,44,45,57,0,52,5101
20,34,38,40,49,54,0,72,5242
11,14,36,41,54,59,0,121,7558
5,12,32,38,47,60,0,188,13488
8,9,17,19,33,56,1,231,15582
23,36,42,48,54,58,1,141,4588
17,31,34,40,56,57,0,39,2541
3,10,13,25,41,42,0,92,6187
11,16,17,41,46,59,0,65,5432
22,29,38,43,48,53,0,83,6198
10,30,31,33,42,52,0,65,6645
4,9,37,43,44,56,0,149,9549
1,4,10,22,53,54,1,157,11899
8,12,14,30,33,41,0,37,3602
7,26,31,38,46,58,0,50,3505
5,14,23,46,48,52,0,87,6309
9,12,26,29,46,47,1,88,7866
11,19,38,47,56,59,0,30,3158
5,16,25,32,39,55,1,84,4928
11,27,32,40,58,59,0,30,2331
16,20,21,39,44,55,0,103,2914
3,14,16,38,43,45,1,91,5194
14,33,41,42,44,55,0,39,2885
3,5,19,26,43,51,1,108,6977
21,22,29,34,40,44,0,12,1145
4,6,12,34,35,53,1,47,3385
41,45,48,51,53,58,0,26,1510
8,37,39,50,59,60,0,47,2560
8,13,25,32,44,57,4,242,10296
4,10,15,39,41,49,0,31,2031
7,10,34,47,49,52,0,81,4382
13,19,21,35,46,50,0,62,3823
5,15,24,34,45,52,0,52,4477
3,12,19,41,45,54,0,97,6861
8,17,49,51,52,53,0,94,6665
1,5,6,16,22,39,0,116,8240
3,22,23,44,53,60,0,112,7288
3,8,20,36,38,57,0,88,6736
2,17,22,41,58,60,0,160,10126
23,28,33,38,55,59,0,189,12204
4,5,25,32,39,40,0,202,17799
1,10,27,36,37,45,0,294,20572
3,20,22,37,41,43,0,404,30194
4,13,21,26,47,51,2,814,52760
2,16,24,38,43,59,0,107,4518
8,19,29,38,48,56,0,80,4182
4,15,22,53,56,60,0,64,4684
3,5,32,56,57,59,0,84,5632
14,17,18,28,30,44,0,80,6922
1,5,18,49,55,56,0,107,7174
10,14,17,18,23,30,0,259,18616
17,18,20,37,45,53,0,134,11048
28,36,39,44,56,60,1,176,12797
1,3,24,37,51,56,0,59,5885
9,22,27,30,33,45,0,163,10787
12,24,26,31,37,48,1,94,9282
6,15,19,20,33,52,0,45,4693
1,23,32,33,36,59,0,32,3223
2,8,28,34,41,49,0,90,6404
10,28,45,47,57,59,0,51,3793
12,20,22,25,26,55,0,74,5246
2,5,27,30,46,53,0,138,7475
25,38,45,53,55,56,0,71,6119
20,23,32,36,39,57,0,94,8855
3,23,28,34,38,48,0,128,9138
10,25,31,37,38,57,0,100,8588
9,15,23,25,29,30,1,186,12011
1,6,10,30,33,35,0,107,5232
4,5,10,34,58,59,5,2485,183921
1,25,29,43,46,48,0,49,2428
5,24,25,33,38,41,0,62,4644
13,15,53,54,55,58,0,31,2575
19,25,43,44,48,49,0,78,4929
3,20,45,52,53,58,0,58,4595
2,6,10,14,34,56,0,136,9200
3,13,16,25,27,33,0,261,16523
2,10,18,25,34,44,0,181,11265
9,12,20,30,32,35,0,163,10641
4,5,17,20,48,52,0,151,13422
19,22,37,44,51,56,0,393,19908
6,12,32,44,51,57,2,226,14672
5,9,14,30,38,50,0,49,3714
7,8,14,19,32,45,0,55,4623
9,13,25,39,46,54,3,164,8245
11,23,45,53,57,59,0,60,3862
10,11,19,33,58,60,1,103,5786
16,22,29,35,38,49,0,59,3217
6,7,25,28,31,52,0,51,4277
8,18,26,27,47,50,1,75,5940
9,18,33,38,41,51,0,38,3051
3,7,15,22,24,50,0,101,7223
6,26,32,35,37,49,0,37,2718
12,17,43,44,48,60,0,68,4377
4,12,14,41,46,53,0,69,5767
29,32,33,35,38,43,0,111,7105
12,18,22,31,44,50,0,123,9182
37,39,47,50,59,60,2,296,6128
5,10,26,35,38,44,0,109,5186
3,4,13,29,36,43,0,109,8175
14,17,32,36,39,60,1,239,6605
10,14,17,19,21,34,0,95,6127
2,20,27,30,52,59,0,51,3786
1,5,12,36,53,55,0,50,4899
14,26,34,36,43,59,0,70,5743
10,18,41,49,53,59,0,76,6010
5,10,11,22,23,37,1,328,27180
9,13,22,31,57,58,0,38,2610
1,15,16,25,32,36,0,35,3201
2,12,28,36,43,48,0,76,4995
10,11,21,23,28,30,1,116,7633
15,17,28,34,35,51,0,26,2783
10,14,17,25,32,39,0,111,7145
7,26,32,35,49,55,0,76,4591
1,13,34,39,50,52,0,36,3827
34,35,39,47,51,56,0,71,4564
14,26,34,54,56,58,0,92,6038
7,14,24,53,58,60,1,81,7347
23,28,34,43,47,60,0,28,2551
4,18,37,38,46,60,0,44,3901
3,8,34,40,44,55,0,54,4682
11,14,16,30,32,46,1,111,6285
3,7,13,29,52,56,0,62,4432
16,17,19,22,46,57,0,38,3256
5,11,26,35,46,54,0,36,3055
2,10,16,32,45,49,0,107,4433
7,11,25,51,57,60,1,111,6591
7,13,17,24,29,52,0,113,7355
3,21,27,32,35,60,0,50,4420
10,23,34,53,55,57,0,97,6983
4,12,18,21,25,49,0,178,9213
20,27,34,44,50,54,0,50,3638
14,26,40,42,46,52,0,70,5774
3,8,13,14,19,25,3,251,12145
5,7,22,23,41,59,0,82,5737
6,16,23,35,38,49,0,103,6817
3,14,36,42,43,44,0,83,6354
6,17,29,35,45,48,0,121,9213
5,36,39,41,44,50,0,83,6849
4,6,13,21,26,28,4,404,21667
6,9,14,16,42,47,2,33,3245
9,19,22,24,50,60,1,34,3419
10,15,20,35,37,59,0,17,1967
5,31,37,47,52,58,0,17,1392
9,10,35,44,55,58,0,47,3624
1,9,13,16,52,59,0,51,3431
13,25,31,43,57,58,0,56,4691
5,14,32,40,53,54,0,64,5019
11,32,35,40,41,48,0,49,3184
14,18,22,26,31,38,1,250,9565
14,26,36,39,50,53,0,17,1333
5,10,27,38,56,57,0,48,2911
2,23,25,33,45,54,0,47,4112
8,27,28,32,48,56,0,34,3001
6,11,29,37,56,58,0,58,3627
5,16,38,42,43,48,1,49,4597
1,2,10,32,34,59,0,36,3112
9,30,34,44,54,55,0,15,1319
2,8,11,22,48,49,0,86,6619
4,8,10,27,28,32,0,109,6453
9,24,34,39,45,50,1,32,2766
8,13,31,33,49,50,0,55,3107
2,10,29,31,56,59,0,39,2457
4,17,22,28,30,49,0,89,7255
8,22,34,42,51,59,0,55,3566
18,28,30,39,41,58,0,30,2705
9,33,39,43,50,54,0,46,3784
20,44,45,46,56,59,0,38,2775
6,11,26,32,46,56,0,76,6117
9,18,29,37,39,58,0,136,7564
6,23,35,36,37,59,1,190,12147
13,23,26,29,45,59,0,76,4089
14,32,41,43,48,60,0,31,1965
11,17,23,36,47,51,1,66,4104
10,23,30,31,49,56,0,57,3909
20,24,27,46,57,58,0,62,3946
7,27,32,33,36,53,0,76,7214
5,13,39,51,58,60,1,78,4750
11,36,46,53,55,60,0,23,1291
6,12,13,20,38,60,0,57,4376
6,30,35,38,41,56,0,28,2544
17,20,31,34,40,42,1,40,3003
7,11,27,41,56,59,0,42,2764
12,15,17,30,40,52,0,24,1798
3,14,21,22,37,39,0,56,3900
5,25,29,30,43,47,1,70,4455
1,4,8,21,46,51,0,65,2005
1,27,30,41,46,57,0,16,1307
4,7,16,35,46,54,0,64,3317